{
"meta":{"test_sets":[],"test_metrics":[],"learn_metrics":[{"best_value":"Min","name":"RMSE"}],"launch_mode":"Train","parameters":"","iteration_count":1000,"learn_sets":["learn"],"name":"experiment"},
"iterations":[
{"learn":[9732.664038],"iteration":0,"passed_time":0.000648995567,"remaining_time":0.6483465714},
{"learn":[9323.384515],"iteration":1,"passed_time":0.001195325169,"remaining_time":0.5964672591},
{"learn":[8911.147365],"iteration":2,"passed_time":0.001735446479,"remaining_time":0.5767467133},
{"learn":[8542.669805],"iteration":3,"passed_time":0.002286067718,"remaining_time":0.5692308618},
{"learn":[8167.904787],"iteration":4,"passed_time":0.002833855643,"remaining_time":0.563937273},
{"learn":[7832.066663],"iteration":5,"passed_time":0.003316185682,"remaining_time":0.549381428},
{"learn":[7500.729668],"iteration":6,"passed_time":0.003806140668,"remaining_time":0.5399282405},
{"learn":[7206.529293],"iteration":7,"passed_time":0.004309345565,"remaining_time":0.53435885},
{"learn":[6925.975781],"iteration":8,"passed_time":0.004824842043,"remaining_time":0.5312687183},
{"learn":[6668.697349],"iteration":9,"passed_time":0.005446004467,"remaining_time":0.5391544423},
{"learn":[6402.646093],"iteration":10,"passed_time":0.005956084316,"remaining_time":0.5355061263},
{"learn":[6170.545043],"iteration":11,"passed_time":0.006570580119,"remaining_time":0.5409777631},
{"learn":[5942.397729],"iteration":12,"passed_time":0.007048076857,"remaining_time":0.5351116814},
{"learn":[5723.855007],"iteration":13,"passed_time":0.007624322921,"remaining_time":0.5369701715},
{"learn":[5508.629244],"iteration":14,"passed_time":0.008214610556,"remaining_time":0.5394260932},
{"learn":[5309.74388],"iteration":15,"passed_time":0.008745190265,"remaining_time":0.5378292013},
{"learn":[5135.937852],"iteration":16,"passed_time":0.009307644757,"remaining_time":0.5382008703},
{"learn":[4962.99649],"iteration":17,"passed_time":0.009931182164,"remaining_time":0.5418011603},
{"learn":[4814.821258],"iteration":18,"passed_time":0.01041963716,"remaining_time":0.5379823187},
{"learn":[4644.932213],"iteration":19,"passed_time":0.01099754988,"remaining_time":0.5388799441},
{"learn":[4501.266913],"iteration":20,"passed_time":0.0115605877,"remaining_time":0.5389435885},
{"learn":[4357.529395],"iteration":21,"passed_time":0.0120250012,"remaining_time":0.5345659622},
{"learn":[4215.372039],"iteration":22,"passed_time":0.01251578951,"remaining_time":0.5316489718},
{"learn":[4078.611876],"iteration":23,"passed_time":0.01304424423,"remaining_time":0.5304659322},
{"learn":[3952.755439],"iteration":24,"passed_time":0.01362674025,"remaining_time":0.5314428699},
{"learn":[3841.988873],"iteration":25,"passed_time":0.01415327832,"remaining_time":0.5302035803},
{"learn":[3720.334422],"iteration":26,"passed_time":0.01466585816,"remaining_time":0.5285140736},
{"learn":[3612.656005],"iteration":27,"passed_time":0.01512668834,"remaining_time":0.525112181},
{"learn":[3517.888322],"iteration":28,"passed_time":0.01575593404,"remaining_time":0.5275521364},
{"learn":[3432.66916],"iteration":29,"passed_time":0.01626268058,"remaining_time":0.5258266722},
{"learn":[3329.46762],"iteration":30,"passed_time":0.01675084392,"remaining_time":0.5235989598},
{"learn":[3245.976979],"iteration":31,"passed_time":0.01738954789,"remaining_time":0.5260338235},
{"learn":[3164.892359],"iteration":32,"passed_time":0.01792141925,"remaining_time":0.5251518914},
{"learn":[3097.780196],"iteration":33,"passed_time":0.01849908197,"remaining_time":0.5255915643},
{"learn":[3031.694848],"iteration":34,"passed_time":0.01908211966,"remaining_time":0.5261212991},
{"learn":[2956.290873],"iteration":35,"passed_time":0.01964086584,"remaining_time":0.5259387409},
{"learn":[2877.318653],"iteration":36,"passed_time":0.02017786217,"remaining_time":0.5251697641},
{"learn":[2814.209038],"iteration":37,"passed_time":0.02068760869,"remaining_time":0.5237231463},
{"learn":[2752.738998],"iteration":38,"passed_time":0.02113848061,"remaining_time":0.5208738428},
{"learn":[2692.711982],"iteration":39,"passed_time":0.02167860192,"remaining_time":0.5202864461},
{"learn":[2636.152182],"iteration":40,"passed_time":0.02218368181,"remaining_time":0.5188817281},
{"learn":[2591.990857],"iteration":41,"passed_time":0.02264309533,"remaining_time":0.5164782221},
{"learn":[2540.301575],"iteration":42,"passed_time":0.02311538377,"remaining_time":0.5144516808},
{"learn":[2487.795028],"iteration":43,"passed_time":0.0236727133,"remaining_time":0.5143434981},
{"learn":[2436.137751],"iteration":44,"passed_time":0.02414875172,"remaining_time":0.5124901753},
{"learn":[2392.029671],"iteration":45,"passed_time":0.02463508173,"remaining_time":0.5109101732},
{"learn":[2349.399206],"iteration":46,"passed_time":0.02519078627,"remaining_time":0.5107833896},
{"learn":[2309.13536],"iteration":47,"passed_time":0.02566782467,"remaining_time":0.5090785227},
{"learn":[2275.238],"iteration":48,"passed_time":0.0261904461,"remaining_time":0.508308454},
{"learn":[2240.739033],"iteration":49,"passed_time":0.02675123394,"remaining_time":0.5082734449},
{"learn":[2207.179832],"iteration":50,"passed_time":0.027229689,"remaining_time":0.5066857817},
{"learn":[2174.205386],"iteration":51,"passed_time":0.02784039317,"remaining_time":0.5075517831},
{"learn":[2145.84447],"iteration":52,"passed_time":0.02832638985,"remaining_time":0.5061337959},
{"learn":[2120.442827],"iteration":53,"passed_time":0.02881330319,"remaining_time":0.5047663855},
{"learn":[2088.286816],"iteration":54,"passed_time":0.02932821634,"remaining_time":0.5039120807},
{"learn":[2057.567574],"iteration":55,"passed_time":0.02992804557,"remaining_time":0.5045013397},
{"learn":[2027.938693],"iteration":56,"passed_time":0.03043975041,"remaining_time":0.5035909586},
{"learn":[2005.096317],"iteration":57,"passed_time":0.03089370564,"remaining_time":0.5017563917},
{"learn":[1980.273661],"iteration":58,"passed_time":0.03153753458,"remaining_time":0.5029969498},
{"learn":[1959.144559],"iteration":59,"passed_time":0.03214323878,"remaining_time":0.5035774075},
{"learn":[1933.566426],"iteration":60,"passed_time":0.0326620269,"remaining_time":0.502781037},
{"learn":[1912.105665],"iteration":61,"passed_time":0.03326468945,"remaining_time":0.5032625597},
{"learn":[1891.168006],"iteration":62,"passed_time":0.0337934775,"remaining_time":0.5026109273},
{"learn":[1867.110585],"iteration":63,"passed_time":0.03433072383,"remaining_time":0.5020868361},
{"learn":[1851.399907],"iteration":64,"passed_time":0.03481917883,"remaining_time":0.5008604955},
{"learn":[1832.338753],"iteration":65,"passed_time":0.03543159131,"remaining_time":0.5014107013},
{"learn":[1811.15701],"iteration":66,"passed_time":0.03592942125,"remaining_time":0.5003305974},
{"learn":[1797.495593],"iteration":67,"passed_time":0.03647154254,"remaining_time":0.4998746713},
{"learn":[1781.691697],"iteration":68,"passed_time":0.03701091386,"remaining_time":0.4993791421},
{"learn":[1766.425868],"iteration":69,"passed_time":0.03753982691,"remaining_time":0.4987434147},
{"learn":[1746.867179],"iteration":70,"passed_time":0.03802269862,"remaining_time":0.4975082678},
{"learn":[1732.34677],"iteration":71,"passed_time":0.03858161146,"remaining_time":0.4972741033},
{"learn":[1720.162759],"iteration":72,"passed_time":0.03906181652,"remaining_time":0.4960315604},
{"learn":[1708.043284],"iteration":73,"passed_time":0.03965264582,"remaining_time":0.4961939193},
{"learn":[1690.071609],"iteration":74,"passed_time":0.04017930888,"remaining_time":0.4955448096},
{"learn":[1676.308505],"iteration":75,"passed_time":0.04079897132,"remaining_time":0.4960295987},
{"learn":[1659.834607],"iteration":76,"passed_time":0.04137280073,"remaining_time":0.4959362997},
{"learn":[1648.876608],"iteration":77,"passed_time":0.04193846354,"remaining_time":0.4957341459},
{"learn":[1628.902119],"iteration":78,"passed_time":0.0425289595,"remaining_time":0.4958123},
{"learn":[1619.441063],"iteration":79,"passed_time":0.04301187287,"remaining_time":0.494636538},
{"learn":[1608.609962],"iteration":80,"passed_time":0.04359836886,"remaining_time":0.4946530986},
{"learn":[1597.838929],"iteration":81,"passed_time":0.04408790719,"remaining_time":0.4935694975},
{"learn":[1582.962461],"iteration":82,"passed_time":0.04462823683,"remaining_time":0.4930613635},
{"learn":[1573.696559],"iteration":83,"passed_time":0.04514044166,"remaining_time":0.4922457686},
{"learn":[1563.64125],"iteration":84,"passed_time":0.04565043818,"remaining_time":0.4914135404},
{"learn":[1554.828479],"iteration":85,"passed_time":0.04613747652,"remaining_time":0.4903448086},
{"learn":[1547.174836],"iteration":86,"passed_time":0.04678313878,"remaining_time":0.4909540885},
{"learn":[1537.182125],"iteration":87,"passed_time":0.0474630508,"remaining_time":0.4918897992},
{"learn":[1524.253127],"iteration":88,"passed_time":0.04805396343,"remaining_time":0.4918782099},
{"learn":[1514.755915],"iteration":89,"passed_time":0.04856708492,"remaining_time":0.491067192},
{"learn":[1507.77471],"iteration":90,"passed_time":0.04911178954,"remaining_time":0.4905782054},
{"learn":[1497.197157],"iteration":91,"passed_time":0.04962986933,"remaining_time":0.4898252321},
{"learn":[1491.518755],"iteration":92,"passed_time":0.05010586608,"remaining_time":0.4886668875},
{"learn":[1480.7903],"iteration":93,"passed_time":0.05055707133,"remaining_time":0.487284113},
{"learn":[1472.735831],"iteration":94,"passed_time":0.05107281781,"remaining_time":0.4865357907},
{"learn":[1463.648285],"iteration":95,"passed_time":0.05151673144,"remaining_time":0.4851158878},
{"learn":[1454.857631],"iteration":96,"passed_time":0.05202993627,"remaining_time":0.4843611593},
{"learn":[1445.857207],"iteration":97,"passed_time":0.05257334923,"remaining_time":0.483889398},
{"learn":[1436.09074],"iteration":98,"passed_time":0.05310501226,"remaining_time":0.483309253},
{"learn":[1425.479888],"iteration":99,"passed_time":0.05359200893,"remaining_time":0.4823280804},
{"learn":[1417.409279],"iteration":100,"passed_time":0.05413700521,"remaining_time":0.4818729474},
{"learn":[1410.973546],"iteration":101,"passed_time":0.05465416835,"remaining_time":0.4811710115},
{"learn":[1400.176551],"iteration":102,"passed_time":0.05520091461,"remaining_time":0.4807302952},
{"learn":[1394.250016],"iteration":103,"passed_time":0.05590845145,"remaining_time":0.4816728124},
{"learn":[1388.706907],"iteration":104,"passed_time":0.05640269807,"remaining_time":0.480765855},
{"learn":[1382.101212],"iteration":105,"passed_time":0.05689298639,"remaining_time":0.4798333003},
{"learn":[1376.40419],"iteration":106,"passed_time":0.05738552469,"remaining_time":0.4789277902},
{"learn":[1371.751143],"iteration":107,"passed_time":0.05788922958,"remaining_time":0.4781221554},
{"learn":[1364.885545],"iteration":108,"passed_time":0.05840830937,"remaining_time":0.4774477399},
{"learn":[1358.366235],"iteration":109,"passed_time":0.05894247239,"remaining_time":0.4768981857},
{"learn":[1353.106684],"iteration":110,"passed_time":0.05963146768,"remaining_time":0.4775889619},
{"learn":[1345.146241],"iteration":111,"passed_time":0.06045979536,"remaining_time":0.479359806},
{"learn":[1341.811031],"iteration":112,"passed_time":0.0609705002,"remaining_time":0.4785914485},
{"learn":[1334.216124],"iteration":113,"passed_time":0.06152445475,"remaining_time":0.4781637448},
{"learn":[1330.348908],"iteration":114,"passed_time":0.06196857672,"remaining_time":0.4768886121},
{"learn":[1326.266156],"iteration":115,"passed_time":0.06242736525,"remaining_time":0.4757395766},
{"learn":[1320.44483],"iteration":116,"passed_time":0.06372639804,"remaining_time":0.4809436707},
{"learn":[1311.774946],"iteration":117,"passed_time":0.06475084938,"remaining_time":0.4839851623},
{"learn":[1307.057209],"iteration":118,"passed_time":0.06519505468,"remaining_time":0.4826625477},
{"learn":[1303.056272],"iteration":119,"passed_time":0.06568400967,"remaining_time":0.4816827376},
{"learn":[1296.144913],"iteration":120,"passed_time":0.06621613104,"remaining_time":0.4810246213},
{"learn":[1291.517904],"iteration":121,"passed_time":0.06670012773,"remaining_time":0.4800222307},
{"learn":[1286.15116],"iteration":122,"passed_time":0.06732937343,"remaining_time":0.4800639065},
{"learn":[1280.878035],"iteration":123,"passed_time":0.06781132847,"remaining_time":0.4790542237},
{"learn":[1275.344621],"iteration":124,"passed_time":0.06834803314,"remaining_time":0.478436232},
{"learn":[1269.866819],"iteration":125,"passed_time":0.0688717379,"remaining_time":0.4777293565},
{"learn":[1264.042476],"iteration":126,"passed_time":0.06929998497,"remaining_time":0.476369188},
{"learn":[1256.164836],"iteration":127,"passed_time":0.06981160648,"remaining_time":0.4755915691},
{"learn":[1252.071049],"iteration":128,"passed_time":0.07033176959,"remaining_time":0.4748757466},
{"learn":[1249.036815],"iteration":129,"passed_time":0.07088868245,"remaining_time":0.4744088749},
{"learn":[1244.145289],"iteration":130,"passed_time":0.07139180402,"remaining_time":0.4735837992},
{"learn":[1238.400629],"iteration":131,"passed_time":0.07180080122,"remaining_time":0.4721446626},
{"learn":[1234.216016],"iteration":132,"passed_time":0.07231375605,"remaining_time":0.4713986955},
{"learn":[1230.91161],"iteration":133,"passed_time":0.07282204425,"remaining_time":0.4706260472},
{"learn":[1226.90297],"iteration":134,"passed_time":0.07322324984,"remaining_time":0.4691711934},
{"learn":[1223.675621],"iteration":135,"passed_time":0.07379278762,"remaining_time":0.468801239},
{"learn":[1219.0025],"iteration":136,"passed_time":0.07430953409,"remaining_time":0.4680958242},
{"learn":[1216.493034],"iteration":137,"passed_time":0.07480623903,"remaining_time":0.4672679568},
{"learn":[1211.379034],"iteration":138,"passed_time":0.07521011127,"remaining_time":0.4658698259},
{"learn":[1206.605081],"iteration":139,"passed_time":0.0756986496,"remaining_time":0.4650059904},
{"learn":[1204.375743],"iteration":140,"passed_time":0.07613981325,"remaining_time":0.4638588623},
{"learn":[1200.296806],"iteration":141,"passed_time":0.07660851838,"remaining_time":0.46288809},
{"learn":[1197.002135],"iteration":142,"passed_time":0.07705539033,"remaining_time":0.4617934931},
{"learn":[1193.452577],"iteration":143,"passed_time":0.07765863621,"remaining_time":0.4616374486},
{"learn":[1190.458435],"iteration":144,"passed_time":0.07819550754,"remaining_time":0.4610838548},
{"learn":[1187.629564],"iteration":145,"passed_time":0.07875142041,"remaining_time":0.4606418701},
{"learn":[1183.598048],"iteration":146,"passed_time":0.07937008285,"remaining_time":0.4605624536},
{"learn":[1180.919035],"iteration":147,"passed_time":0.07986274616,"remaining_time":0.4597504035},
{"learn":[1177.641562],"iteration":148,"passed_time":0.08036486773,"remaining_time":0.4589966606},
{"learn":[1175.067387],"iteration":149,"passed_time":0.08085857269,"remaining_time":0.4581985786},
{"learn":[1172.462895],"iteration":150,"passed_time":0.08149760999,"remaining_time":0.4582216615},
{"learn":[1168.356017],"iteration":151,"passed_time":0.08202864803,"remaining_time":0.4576335101},
{"learn":[1164.501674],"iteration":152,"passed_time":0.08255801941,"remaining_time":0.4570368787},
{"learn":[1162.762519],"iteration":153,"passed_time":0.08304114111,"remaining_time":0.4561870479},
{"learn":[1159.695578],"iteration":154,"passed_time":0.08353951271,"remaining_time":0.4554250854},
{"learn":[1157.223096],"iteration":155,"passed_time":0.08400692618,"remaining_time":0.4544990109},
{"learn":[1155.179518],"iteration":156,"passed_time":0.08520870964,"remaining_time":0.457521925},
{"learn":[1152.956653],"iteration":157,"passed_time":0.08573670603,"remaining_time":0.4569006739},
{"learn":[1150.306225],"iteration":158,"passed_time":0.08629132725,"remaining_time":0.4564214227},
{"learn":[1147.983958],"iteration":159,"passed_time":0.0867125327,"remaining_time":0.4552407967},
{"learn":[1145.75216],"iteration":160,"passed_time":0.08719557107,"remaining_time":0.4543918269},
{"learn":[1144.461976],"iteration":161,"passed_time":0.08761956817,"remaining_time":0.4532419638},
{"learn":[1141.338382],"iteration":162,"passed_time":0.08822727235,"remaining_time":0.4530443372},
{"learn":[1139.589329],"iteration":163,"passed_time":0.0887573104,"remaining_time":0.4524458018},
{"learn":[1136.503896],"iteration":164,"passed_time":0.08939663937,"remaining_time":0.452401175},
{"learn":[1133.764342],"iteration":165,"passed_time":0.089937969,"remaining_time":0.451857025},
{"learn":[1131.544334],"iteration":166,"passed_time":0.09045263215,"remaining_time":0.4511798957},
{"learn":[1129.595507],"iteration":167,"passed_time":0.09100996168,"remaining_time":0.4507160007},
{"learn":[1127.803267],"iteration":168,"passed_time":0.09174891497,"remaining_time":0.451144073},
{"learn":[1126.136418],"iteration":169,"passed_time":0.09229528623,"remaining_time":0.4506181622},
{"learn":[1124.700075],"iteration":170,"passed_time":0.09277678295,"remaining_time":0.4497775033},
{"learn":[1122.803805],"iteration":171,"passed_time":0.09330657099,"remaining_time":0.4491734929},
{"learn":[1121.430545],"iteration":172,"passed_time":0.09378765104,"remaining_time":0.4483374995},
{"learn":[1117.57127],"iteration":173,"passed_time":0.09437131372,"remaining_time":0.4479925582},
{"learn":[1115.584873],"iteration":174,"passed_time":0.09487035198,"remaining_time":0.447245945},
{"learn":[1113.805472],"iteration":175,"passed_time":0.09535526533,"remaining_time":0.446436015},
{"learn":[1111.07259],"iteration":176,"passed_time":0.09595313625,"remaining_time":0.4461549782},
{"learn":[1109.375162],"iteration":177,"passed_time":0.09646563275,"remaining_time":0.4454761243},
{"learn":[1107.516186],"iteration":178,"passed_time":0.0969509211,"remaining_time":0.4446743364},
{"learn":[1106.078965],"iteration":179,"passed_time":0.09768616608,"remaining_time":0.4450147566},
{"learn":[1101.977695],"iteration":180,"passed_time":0.09820678752,"remaining_time":0.4443721491},
{"learn":[1099.834583],"iteration":181,"passed_time":0.09878374191,"remaining_time":0.4439840708},
{"learn":[1098.629417],"iteration":182,"passed_time":0.09932486322,"remaining_time":0.4434339522},
{"learn":[1095.996519],"iteration":183,"passed_time":0.09984865131,"remaining_time":0.4428070623},
{"learn":[1094.300711],"iteration":184,"passed_time":0.1003374813,"remaining_time":0.4420272825},
{"learn":[1092.709268],"iteration":185,"passed_time":0.1007439369,"remaining_time":0.4408901323},
{"learn":[1091.171063],"iteration":186,"passed_time":0.1012458918,"remaining_time":0.4401759893},
{"learn":[1089.434193],"iteration":187,"passed_time":0.1016806388,"remaining_time":0.4391738229},
{"learn":[1087.106965],"iteration":188,"passed_time":0.1021599272,"remaining_time":0.4383687881},
{"learn":[1085.959454],"iteration":189,"passed_time":0.1027060485,"remaining_time":0.4378521013},
{"learn":[1083.778673],"iteration":190,"passed_time":0.1033401691,"remaining_time":0.4377078368},
{"learn":[1081.75078],"iteration":191,"passed_time":0.1038392907,"remaining_time":0.4369903484},
{"learn":[1079.413084],"iteration":192,"passed_time":0.1043732454,"remaining_time":0.4364207722},
{"learn":[1076.947704],"iteration":193,"passed_time":0.1048912419,"remaining_time":0.4357852626},
{"learn":[1073.670552],"iteration":194,"passed_time":0.1054411964,"remaining_time":0.4352828879},
{"learn":[1072.356313],"iteration":195,"passed_time":0.105939693,"remaining_time":0.4345689449},
{"learn":[1070.372841],"iteration":196,"passed_time":0.1064607311,"remaining_time":0.4339490716},
{"learn":[1066.866912],"iteration":197,"passed_time":0.1068953948,"remaining_time":0.4329803367},
{"learn":[1063.768331],"iteration":198,"passed_time":0.1079019296,"remaining_time":0.4343188223},
{"learn":[1062.532026],"iteration":199,"passed_time":0.1083186351,"remaining_time":0.4332745405},
{"learn":[1061.071559],"iteration":200,"passed_time":0.1087198407,"remaining_time":0.4321748892},
{"learn":[1059.790808],"iteration":201,"passed_time":0.1093467114,"remaining_time":0.4319736422},
{"learn":[1058.793029],"iteration":202,"passed_time":0.1099363741,"remaining_time":0.4316221189},
{"learn":[1055.580059],"iteration":203,"passed_time":0.1104692038,"remaining_time":0.431046501},
{"learn":[1054.57835],"iteration":204,"passed_time":0.1109503671,"remaining_time":0.430270936},
{"learn":[1051.748019],"iteration":205,"passed_time":0.1113721976,"remaining_time":0.4292695383},
{"learn":[1048.768408],"iteration":206,"passed_time":0.1117870698,"remaining_time":0.4282470837},
{"learn":[1047.809193],"iteration":207,"passed_time":0.1122987329,"remaining_time":0.4275990215},
{"learn":[1046.863132],"iteration":208,"passed_time":0.1129459368,"remaining_time":0.4274652442},
{"learn":[1044.991159],"iteration":209,"passed_time":0.1135886408,"remaining_time":0.4273096487},
{"learn":[1042.292614],"iteration":210,"passed_time":0.1141780118,"remaining_time":0.4269500061},
{"learn":[1040.494122],"iteration":211,"passed_time":0.114724633,"remaining_time":0.4264292964},
{"learn":[1039.238022],"iteration":212,"passed_time":0.1151812549,"remaining_time":0.4255758104},
{"learn":[1037.440817],"iteration":213,"passed_time":0.1156985014,"remaining_time":0.4249487013},
{"learn":[1034.990738],"iteration":214,"passed_time":0.116247206,"remaining_time":0.4244374729},
{"learn":[1033.794339],"iteration":215,"passed_time":0.1167133694,"remaining_time":0.4236263039},
{"learn":[1032.561732],"iteration":216,"passed_time":0.1172349909,"remaining_time":0.4230184233},
{"learn":[1030.67484],"iteration":217,"passed_time":0.1176922378,"remaining_time":0.4221804125},
{"learn":[1029.931531],"iteration":218,"passed_time":0.1181857344,"remaining_time":0.4214751532},
{"learn":[1028.343616],"iteration":219,"passed_time":0.1186121065,"remaining_time":0.420533832},
{"learn":[1027.193917],"iteration":220,"passed_time":0.1191601027,"remaining_time":0.4200258825},
{"learn":[1026.466951],"iteration":221,"passed_time":0.119654391,"remaining_time":0.4193293523},
{"learn":[1024.70282],"iteration":222,"passed_time":0.1202732618,"remaining_time":0.4190687193},
{"learn":[1023.629772],"iteration":223,"passed_time":0.120883466,"remaining_time":0.4187748642},
{"learn":[1022.759678],"iteration":224,"passed_time":0.1214581287,"remaining_time":0.4183557766},
{"learn":[1021.891664],"iteration":225,"passed_time":0.1219735418,"remaining_time":0.4177323955},
{"learn":[1020.888297],"iteration":226,"passed_time":0.122480955,"remaining_time":0.4170827236},
{"learn":[1020.184382],"iteration":227,"passed_time":0.123115784,"remaining_time":0.4168657249},
{"learn":[1017.928948],"iteration":228,"passed_time":0.1237795295,"remaining_time":0.4167424334},
{"learn":[1017.190889],"iteration":229,"passed_time":0.1242795261,"remaining_time":0.4160662395},
{"learn":[1015.825637],"iteration":230,"passed_time":0.1248517305,"remaining_time":0.4156319514},
{"learn":[1014.506278],"iteration":231,"passed_time":0.1253285189,"remaining_time":0.4148806144},
{"learn":[1013.199398],"iteration":232,"passed_time":0.1258399321,"remaining_time":0.4142456134},
{"learn":[1012.023378],"iteration":233,"passed_time":0.12638972,"remaining_time":0.4137372886},
{"learn":[1011.479598],"iteration":234,"passed_time":0.127032674,"remaining_time":0.4135318961},
{"learn":[1010.62989],"iteration":235,"passed_time":0.1275388372,"remaining_time":0.4128799644},
{"learn":[1009.212908],"iteration":236,"passed_time":0.1279778758,"remaining_time":0.4120131614},
{"learn":[1008.142],"iteration":237,"passed_time":0.1285087472,"remaining_time":0.4114439722},
{"learn":[1007.25275],"iteration":238,"passed_time":0.1290589934,"remaining_time":0.410936795},
{"learn":[1005.664025],"iteration":239,"passed_time":0.1295545317,"remaining_time":0.4102560171},
{"learn":[1004.711392],"iteration":240,"passed_time":0.1300512783,"remaining_time":0.409580582},
{"learn":[1003.308174],"iteration":241,"passed_time":0.1305292751,"remaining_time":0.4088478947},
{"learn":[1002.690346],"iteration":242,"passed_time":0.1310613131,"remaining_time":0.4082856544},
{"learn":[1001.923683],"iteration":243,"passed_time":0.131616976,"remaining_time":0.40779686},
{"learn":[1000.405492],"iteration":244,"passed_time":0.1320867644,"remaining_time":0.4070428863},
{"learn":[998.4591546],"iteration":245,"passed_time":0.1325920526,"remaining_time":0.4064000313},
{"learn":[997.2073516],"iteration":246,"passed_time":0.13321709,"remaining_time":0.4061233555},
{"learn":[996.3309549],"iteration":247,"passed_time":0.1344299151,"remaining_time":0.4076261942},
{"learn":[994.4656204],"iteration":248,"passed_time":0.1349042452,"remaining_time":0.406879872},
{"learn":[993.5545066],"iteration":249,"passed_time":0.1353621587,"remaining_time":0.4060864762},
{"learn":[992.7196074],"iteration":250,"passed_time":0.1358587387,"remaining_time":0.4054111365},
{"learn":[992.0054514],"iteration":251,"passed_time":0.1364011933,"remaining_time":0.4048733833},
{"learn":[991.4908746],"iteration":252,"passed_time":0.1369414396,"remaining_time":0.4043290727},
{"learn":[990.9710098],"iteration":253,"passed_time":0.1373941032,"remaining_time":0.4035275629},
{"learn":[990.5197852],"iteration":254,"passed_time":0.1380060157,"remaining_time":0.4031940458},
{"learn":[989.1626979],"iteration":255,"passed_time":0.1384823041,"remaining_time":0.4024641962},
{"learn":[988.2417995],"iteration":256,"passed_time":0.1390599251,"remaining_time":0.4020292777},
{"learn":[987.4360841],"iteration":257,"passed_time":0.1397872118,"remaining_time":0.4020236868},
{"learn":[985.9089544],"iteration":258,"passed_time":0.1403765411,"remaining_time":0.4016178262},
{"learn":[985.014915],"iteration":259,"passed_time":0.140930704,"remaining_time":0.4011104653},
{"learn":[984.144479],"iteration":260,"passed_time":0.141465117,"remaining_time":0.4005468256},
{"learn":[982.846753],"iteration":261,"passed_time":0.1420128216,"remaining_time":0.4000208487},
{"learn":[981.2575872],"iteration":262,"passed_time":0.1425623179,"remaining_time":0.3994997273},
{"learn":[980.4100545],"iteration":263,"passed_time":0.1429830233,"remaining_time":0.3986193378},
{"learn":[979.464935],"iteration":264,"passed_time":0.1434792283,"remaining_time":0.3979518218},
{"learn":[979.0866104],"iteration":265,"passed_time":0.1440684326,"remaining_time":0.3975422163},
{"learn":[977.9430165],"iteration":266,"passed_time":0.1445269295,"remaining_time":0.3967724318},
{"learn":[976.6387159],"iteration":267,"passed_time":0.1450737174,"remaining_time":0.3962461236},
{"learn":[976.1372781],"iteration":268,"passed_time":0.1455915889,"remaining_time":0.3956410835},
{"learn":[974.911043],"iteration":269,"passed_time":0.1460473357,"remaining_time":0.3948687226},
{"learn":[973.2135179],"iteration":270,"passed_time":0.1466319151,"remaining_time":0.3944452623},
{"learn":[972.5673032],"iteration":271,"passed_time":0.1472463692,"remaining_time":0.3941005764},
{"learn":[971.3957459],"iteration":272,"passed_time":0.1478755733,"remaining_time":0.3937931932},
{"learn":[971.2133051],"iteration":273,"passed_time":0.148351195,"remaining_time":0.393076524},
{"learn":[970.9633936],"iteration":274,"passed_time":0.1488312334,"remaining_time":0.3923732517},
{"learn":[969.9069664],"iteration":275,"passed_time":0.1493490632,"remaining_time":0.391770731},
{"learn":[969.0294151],"iteration":276,"passed_time":0.1498527681,"remaining_time":0.3911319542},
{"learn":[968.3612756],"iteration":277,"passed_time":0.1503908061,"remaining_time":0.3905833165},
{"learn":[967.5390881],"iteration":278,"passed_time":0.1507798034,"remaining_time":0.3896495995},
{"learn":[966.7247303],"iteration":279,"passed_time":0.1513006332,"remaining_time":0.3890587711},
{"learn":[964.635532],"iteration":280,"passed_time":0.1518758376,"remaining_time":0.3886075702},
{"learn":[963.2275255],"iteration":281,"passed_time":0.1523643759,"remaining_time":0.3879348295},
{"learn":[962.4757515],"iteration":282,"passed_time":0.1529385803,"remaining_time":0.3874804315},
{"learn":[961.8027636],"iteration":283,"passed_time":0.1535019515,"remaining_time":0.3869978777},
{"learn":[961.1626774],"iteration":284,"passed_time":0.1540406145,"remaining_time":0.3864527697},
{"learn":[960.6170932],"iteration":285,"passed_time":0.1544931947,"remaining_time":0.3856928008},
{"learn":[959.9097898],"iteration":286,"passed_time":0.1549581915,"remaining_time":0.3849658208},
{"learn":[959.4192569],"iteration":287,"passed_time":0.1555371876,"remaining_time":0.3845224915},
{"learn":[957.9014253],"iteration":288,"passed_time":0.1560031011,"remaining_time":0.3838000168},
{"learn":[956.4799485],"iteration":289,"passed_time":0.1565264725,"remaining_time":0.3832199844},
{"learn":[955.8788569],"iteration":290,"passed_time":0.1570295941,"remaining_time":0.3825910041},
{"learn":[955.3776425],"iteration":291,"passed_time":0.1574489245,"remaining_time":0.3817597211},
{"learn":[954.6230396],"iteration":292,"passed_time":0.1579731293,"remaining_time":0.3811843085},
{"learn":[952.8319748],"iteration":293,"passed_time":0.1585008757,"remaining_time":0.3806177491},
{"learn":[952.0939962],"iteration":294,"passed_time":0.1590079972,"remaining_time":0.3800021628},
{"learn":[951.7229647],"iteration":295,"passed_time":0.1595555351,"remaining_time":0.3794834349},
{"learn":[950.9959295],"iteration":296,"passed_time":0.160017657,"remaining_time":0.3787623329},
{"learn":[950.1807932],"iteration":297,"passed_time":0.1605173619,"remaining_time":0.3781315035},
{"learn":[949.5134869],"iteration":298,"passed_time":0.1611513576,"remaining_time":0.3778163935},
{"learn":[948.3096062],"iteration":299,"passed_time":0.1616363126,"remaining_time":0.3771513961},
{"learn":[947.2830901],"iteration":300,"passed_time":0.1621701839,"remaining_time":0.3766011913},
{"learn":[945.9914021],"iteration":301,"passed_time":0.1627155552,"remaining_time":0.376077674},
{"learn":[945.424789],"iteration":302,"passed_time":0.1631637188,"remaining_time":0.3753304027},
{"learn":[944.7556648],"iteration":303,"passed_time":0.1636791736,"remaining_time":0.3747391607},
{"learn":[943.4462825],"iteration":304,"passed_time":0.164120254,"remaining_time":0.3739789394},
{"learn":[942.9475012],"iteration":305,"passed_time":0.1645523343,"remaining_time":0.3732003923},
{"learn":[941.9376296],"iteration":306,"passed_time":0.1650039146,"remaining_time":0.3724681199},
{"learn":[940.5995326],"iteration":307,"passed_time":0.1654577448,"remaining_time":0.3717427254},
{"learn":[939.3102763],"iteration":308,"passed_time":0.1659839079,"remaining_time":0.3711808426},
{"learn":[938.8335629],"iteration":309,"passed_time":0.1665028627,"remaining_time":0.370603146},
{"learn":[938.2388018],"iteration":310,"passed_time":0.1669791094,"remaining_time":0.3699312103},
{"learn":[937.7543684],"iteration":311,"passed_time":0.1674884393,"remaining_time":0.3693334815},
{"learn":[936.7063041],"iteration":312,"passed_time":0.168020144,"remaining_time":0.3687854279},
{"learn":[935.8118976],"iteration":313,"passed_time":0.1685239739,"remaining_time":0.3681765799},
{"learn":[934.9610797],"iteration":314,"passed_time":0.1690029289,"remaining_time":0.3675143058},
{"learn":[933.7820223],"iteration":315,"passed_time":0.1694760924,"remaining_time":0.3668406557},
{"learn":[932.6069491],"iteration":316,"passed_time":0.1700383802,"remaining_time":0.3663602955},
{"learn":[931.7763603],"iteration":317,"passed_time":0.1705631266,"remaining_time":0.3657989068},
{"learn":[931.2616134],"iteration":318,"passed_time":0.1710600399,"remaining_time":0.3651783297},
{"learn":[930.3047736],"iteration":319,"passed_time":0.1722764482,"remaining_time":0.3660874525},
{"learn":[929.2187588],"iteration":320,"passed_time":0.1728729442,"remaining_time":0.3656720533},
{"learn":[928.5433771],"iteration":321,"passed_time":0.1734348987,"remaining_time":0.3651827991},
{"learn":[927.4359319],"iteration":322,"passed_time":0.1739538951,"remaining_time":0.3646030557},
{"learn":[926.1050574],"iteration":323,"passed_time":0.1744498084,"remaining_time":0.3639755262},
{"learn":[925.6234228],"iteration":324,"passed_time":0.1750043046,"remaining_time":0.3634704788},
{"learn":[925.0317232],"iteration":325,"passed_time":0.1754756347,"remaining_time":0.3627931835},
{"learn":[924.5311289],"iteration":326,"passed_time":0.1759826313,"remaining_time":0.362190553},
{"learn":[923.4212752],"iteration":327,"passed_time":0.1765195859,"remaining_time":0.3616498834},
{"learn":[922.9647235],"iteration":328,"passed_time":0.176993291,"remaining_time":0.3609802379},
{"learn":[922.0603074],"iteration":329,"passed_time":0.177638495,"remaining_time":0.3606599746},
{"learn":[921.2245965],"iteration":330,"passed_time":0.1780919085,"remaining_time":0.3599501112},
{"learn":[920.1182873],"iteration":331,"passed_time":0.1792371924,"remaining_time":0.360633869},
{"learn":[919.3050139],"iteration":332,"passed_time":0.179727939,"remaining_time":0.3599956016},
{"learn":[918.9492638],"iteration":333,"passed_time":0.1802393939,"remaining_time":0.3593995099},
{"learn":[917.7557069],"iteration":334,"passed_time":0.1806539327,"remaining_time":0.358611538},
{"learn":[916.6345506],"iteration":335,"passed_time":0.1811816374,"remaining_time":0.3580494263},
{"learn":[916.510407],"iteration":336,"passed_time":0.181679384,"remaining_time":0.3574285804},
{"learn":[915.6008939],"iteration":337,"passed_time":0.1822156304,"remaining_time":0.3568838677},
{"learn":[915.481239],"iteration":338,"passed_time":0.1827697099,"remaining_time":0.3563739771},
{"learn":[914.8345216],"iteration":339,"passed_time":0.1833562059,"remaining_time":0.3559267526},
{"learn":[914.7181401],"iteration":340,"passed_time":0.1838243277,"remaining_time":0.3552499471},
{"learn":[913.7048946],"iteration":341,"passed_time":0.1843159493,"remaining_time":0.3546195751},
{"learn":[913.0535998],"iteration":342,"passed_time":0.1848289458,"remaining_time":0.3540309546},
{"learn":[912.5728969],"iteration":343,"passed_time":0.1853802337,"remaining_time":0.3535157946},
{"learn":[911.5350339],"iteration":344,"passed_time":0.1858912719,"remaining_time":0.352924009},
{"learn":[910.7362333],"iteration":345,"passed_time":0.186366727,"remaining_time":0.352265432},
{"learn":[910.628848],"iteration":346,"passed_time":0.1868336821,"remaining_time":0.3515919148},
{"learn":[910.1347518],"iteration":347,"passed_time":0.1873826367,"remaining_time":0.3510732159},
{"learn":[909.4858592],"iteration":348,"passed_time":0.1878875916,"remaining_time":0.3504722697},
{"learn":[909.0678914],"iteration":349,"passed_time":0.1884692543,"remaining_time":0.3500143294},
{"learn":[908.2030992],"iteration":350,"passed_time":0.1889357928,"remaining_time":0.3493428191},
{"learn":[907.5290132],"iteration":351,"passed_time":0.1894287894,"remaining_time":0.3487211805},
{"learn":[907.4257937],"iteration":352,"passed_time":0.1898976196,"remaining_time":0.3480559769},
{"learn":[906.4586627],"iteration":353,"passed_time":0.1903847829,"remaining_time":0.3474253383},
{"learn":[905.4740511],"iteration":354,"passed_time":0.1907871551,"remaining_time":0.3466414509},
{"learn":[905.0394212],"iteration":355,"passed_time":0.191289735,"remaining_time":0.3460409814},
{"learn":[904.4085612],"iteration":356,"passed_time":0.1917832317,"remaining_time":0.3454247002},
{"learn":[903.6428624],"iteration":357,"passed_time":0.1923126447,"remaining_time":0.3448735137},
{"learn":[902.9291711],"iteration":358,"passed_time":0.1927891415,"remaining_time":0.3442279657},
{"learn":[901.5846694],"iteration":359,"passed_time":0.1933095962,"remaining_time":0.3436615044},
{"learn":[900.8768302],"iteration":360,"passed_time":0.1938160928,"remaining_time":0.3430705908},
{"learn":[899.9725216],"iteration":361,"passed_time":0.1942830479,"remaining_time":0.3424104546},
{"learn":[899.0177098],"iteration":362,"passed_time":0.194813461,"remaining_time":0.3418627401},
{"learn":[898.5493594],"iteration":363,"passed_time":0.1953189575,"remaining_time":0.3412715851},
{"learn":[898.1233774],"iteration":364,"passed_time":0.1958969536,"remaining_time":0.3408070288},
{"learn":[897.4408587],"iteration":365,"passed_time":0.1964023251,"remaining_time":0.3402160495},
{"learn":[897.1550102],"iteration":366,"passed_time":0.1970044043,"remaining_time":0.3397923377},
{"learn":[897.0599822],"iteration":367,"passed_time":0.197548109,"remaining_time":0.3392674045},
{"learn":[896.1557789],"iteration":368,"passed_time":0.1980293973,"remaining_time":0.3386356361},
{"learn":[896.0525933],"iteration":369,"passed_time":0.1984961858,"remaining_time":0.3379799921},
{"learn":[895.7960258],"iteration":370,"passed_time":0.1989625993,"remaining_time":0.3373247303},
{"learn":[895.1782927],"iteration":371,"passed_time":0.1994357211,"remaining_time":0.3366818087},
{"learn":[894.5388247],"iteration":372,"passed_time":0.1999172178,"remaining_time":0.3360538755},
{"learn":[893.9179749],"iteration":373,"passed_time":0.2003683397,"remaining_time":0.3353758841},
{"learn":[893.3105905],"iteration":374,"passed_time":0.2008805445,"remaining_time":0.3348009076},
{"learn":[892.9193722],"iteration":375,"passed_time":0.2013123332,"remaining_time":0.3340928084},
{"learn":[892.8238216],"iteration":376,"passed_time":0.2018272464,"remaining_time":0.3335235398},
{"learn":[892.4636266],"iteration":377,"passed_time":0.20227941,"remaining_time":0.3328513042},
{"learn":[891.4645761],"iteration":378,"passed_time":0.2027478651,"remaining_time":0.3322069241},
{"learn":[890.9369698],"iteration":379,"passed_time":0.2033591526,"remaining_time":0.3317965121},
{"learn":[890.0937273],"iteration":380,"passed_time":0.2039078155,"remaining_time":0.3312833013},
{"learn":[889.1396535],"iteration":381,"passed_time":0.2050199329,"remaining_time":0.3316814622},
{"learn":[888.7371882],"iteration":382,"passed_time":0.2056043456,"remaining_time":0.331221622},
{"learn":[888.5017717],"iteration":383,"passed_time":0.2060553009,"remaining_time":0.3305470451},
{"learn":[888.4107659],"iteration":384,"passed_time":0.206569214,"remaining_time":0.329974199},
{"learn":[887.8705966],"iteration":385,"passed_time":0.2070423358,"remaining_time":0.3293367725},
{"learn":[887.7833101],"iteration":386,"passed_time":0.2075127492,"remaining_time":0.3286959051},
{"learn":[887.698723],"iteration":387,"passed_time":0.2080087875,"remaining_time":0.3280963349},
{"learn":[887.3748818],"iteration":388,"passed_time":0.2085104091,"remaining_time":0.3275060667},
{"learn":[887.088711],"iteration":389,"passed_time":0.208964281,"remaining_time":0.3268415677},
{"learn":[886.1092087],"iteration":390,"passed_time":0.2096357764,"remaining_time":0.3265171044},
{"learn":[885.4159188],"iteration":391,"passed_time":0.2102322307,"remaining_time":0.3260744802},
{"learn":[885.1109195],"iteration":392,"passed_time":0.2107861852,"remaining_time":0.3255654311},
{"learn":[885.0307447],"iteration":393,"passed_time":0.2113094733,"remaining_time":0.3250089868},
{"learn":[884.4135682],"iteration":394,"passed_time":0.2125579648,"remaining_time":0.325563465},
{"learn":[883.7295838],"iteration":395,"passed_time":0.2131922938,"remaining_time":0.3251720844},
{"learn":[883.6611626],"iteration":396,"passed_time":0.2136569989,"remaining_time":0.3245218397},
{"learn":[883.458902],"iteration":397,"passed_time":0.2141222874,"remaining_time":0.3238734096},
{"learn":[883.3827877],"iteration":398,"passed_time":0.2146536588,"remaining_time":0.3233254359},
{"learn":[883.2249282],"iteration":399,"passed_time":0.2151074057,"remaining_time":0.3226611085},
{"learn":[882.4678425],"iteration":400,"passed_time":0.2155748608,"remaining_time":0.3220183083},
{"learn":[882.2834913],"iteration":401,"passed_time":0.2160780241,"remaining_time":0.3214294985},
{"learn":[881.6395086],"iteration":402,"passed_time":0.2165143127,"remaining_time":0.3207420464},
{"learn":[881.3295361],"iteration":403,"passed_time":0.2170256843,"remaining_time":0.3201666035},
{"learn":[880.6157687],"iteration":404,"passed_time":0.2175443474,"remaining_time":0.3196021894},
{"learn":[880.4035762],"iteration":405,"passed_time":0.218036844,"remaining_time":0.3189997176},
{"learn":[880.0715394],"iteration":406,"passed_time":0.2185480489,"remaining_time":0.3184250442},
{"learn":[879.9039357],"iteration":407,"passed_time":0.2190028791,"remaining_time":0.3177688834},
{"learn":[878.8620986],"iteration":408,"passed_time":0.2195614586,"remaining_time":0.3172636235},
{"learn":[878.7360595],"iteration":409,"passed_time":0.2200372887,"remaining_time":0.3166390252},
{"learn":[878.2709753],"iteration":410,"passed_time":0.2206997425,"remaining_time":0.3162825993},
{"learn":[878.2048783],"iteration":411,"passed_time":0.2212811552,"remaining_time":0.3158090273},
{"learn":[877.2380311],"iteration":412,"passed_time":0.2217806518,"remaining_time":0.3152185051},
{"learn":[876.9699725],"iteration":413,"passed_time":0.2222553985,"remaining_time":0.3145933902},
{"learn":[876.3766475],"iteration":414,"passed_time":0.2227560618,"remaining_time":0.3140055329},
{"learn":[876.2620608],"iteration":415,"passed_time":0.2232459751,"remaining_time":0.3134030035},
{"learn":[876.1102054],"iteration":416,"passed_time":0.2237452634,"remaining_time":0.3128141212},
{"learn":[875.5884005],"iteration":417,"passed_time":0.2242223851,"remaining_time":0.3121948041},
{"learn":[874.5602898],"iteration":418,"passed_time":0.224773423,"remaining_time":0.3116786605},
{"learn":[874.0312777],"iteration":419,"passed_time":0.2253763772,"remaining_time":0.3112340447},
{"learn":[873.5503611],"iteration":420,"passed_time":0.2259344151,"remaining_time":0.3107269034},
{"learn":[873.4989724],"iteration":421,"passed_time":0.2263301624,"remaining_time":0.3099972366},
{"learn":[872.6099525],"iteration":422,"passed_time":0.2268664504,"remaining_time":0.3094608555},
{"learn":[871.9128616],"iteration":423,"passed_time":0.2273786969,"remaining_time":0.3088918146},
{"learn":[870.7608101],"iteration":424,"passed_time":0.2279083599,"remaining_time":0.3083466046},
{"learn":[870.1099857],"iteration":425,"passed_time":0.2284117315,"remaining_time":0.3077660419},
{"learn":[869.6119218],"iteration":426,"passed_time":0.2289249363,"remaining_time":0.3071990363},
{"learn":[869.5218662],"iteration":427,"passed_time":0.2294061414,"remaining_time":0.306589516},
{"learn":[869.0720862],"iteration":428,"passed_time":0.2298850547,"remaining_time":0.3059775437},
{"learn":[868.5245912],"iteration":429,"passed_time":0.2303187185,"remaining_time":0.3053062082},
{"learn":[867.8637438],"iteration":430,"passed_time":0.2308186317,"remaining_time":0.3047234372},
{"learn":[867.5171038],"iteration":431,"passed_time":0.2313007534,"remaining_time":0.3041176573},
{"learn":[867.2087685],"iteration":432,"passed_time":0.2317816251,"remaining_time":0.3035108117},
{"learn":[866.9713244],"iteration":433,"passed_time":0.2323002882,"remaining_time":0.3029538321},
{"learn":[866.4629876],"iteration":434,"passed_time":0.2327904099,"remaining_time":0.3023599577},
{"learn":[865.8943524],"iteration":435,"passed_time":0.2333036147,"remaining_time":0.3017964191},
{"learn":[865.3586184],"iteration":436,"passed_time":0.2338364028,"remaining_time":0.3012583404},
{"learn":[865.2538838],"iteration":437,"passed_time":0.2342986913,"remaining_time":0.3006298276},
{"learn":[864.7233187],"iteration":438,"passed_time":0.2348072295,"remaining_time":0.3000611748},
{"learn":[864.2199704],"iteration":439,"passed_time":0.2353749756,"remaining_time":0.2995681507},
{"learn":[863.8155653],"iteration":440,"passed_time":0.235951555,"remaining_time":0.2990859847},
{"learn":[862.9665429],"iteration":441,"passed_time":0.2364999262,"remaining_time":0.2985677802},
{"learn":[862.5114276],"iteration":442,"passed_time":0.2370422975,"remaining_time":0.2980418955},
{"learn":[861.7054262],"iteration":443,"passed_time":0.2375183776,"remaining_time":0.2974329233},
{"learn":[861.2192154],"iteration":444,"passed_time":0.2380254158,"remaining_time":0.296863159},
{"learn":[861.1225367],"iteration":445,"passed_time":0.2386003285,"remaining_time":0.2963779866},
{"learn":[860.1565841],"iteration":446,"passed_time":0.2391064918,"remaining_time":0.2958073601},
{"learn":[859.9819711],"iteration":447,"passed_time":0.2395969467,"remaining_time":0.2952176665},
{"learn":[859.2989507],"iteration":448,"passed_time":0.2400144022,"remaining_time":0.2945388321},
{"learn":[858.8241356],"iteration":449,"passed_time":0.240638898,"remaining_time":0.2941142086},
{"learn":[858.2820915],"iteration":450,"passed_time":0.2412132274,"remaining_time":0.2936276315},
{"learn":[858.2393046],"iteration":451,"passed_time":0.2416872241,"remaining_time":0.2930190239},
{"learn":[857.7740393],"iteration":452,"passed_time":0.2422548036,"remaining_time":0.2925240123},
{"learn":[857.3485576],"iteration":453,"passed_time":0.2428149664,"remaining_time":0.2920197614},
{"learn":[856.5503459],"iteration":454,"passed_time":0.2433197546,"remaining_time":0.2914489369},
{"learn":[856.5025912],"iteration":455,"passed_time":0.2438634176,"remaining_time":0.2909247789},
{"learn":[856.462133],"iteration":456,"passed_time":0.2443261644,"remaining_time":0.2903043923},
{"learn":[856.2723311],"iteration":457,"passed_time":0.2448140361,"remaining_time":0.289714427},
{"learn":[855.5833675],"iteration":458,"passed_time":0.2453507824,"remaining_time":0.2891825126},
{"learn":[855.4535549],"iteration":459,"passed_time":0.2458564873,"remaining_time":0.2886141373},
{"learn":[855.3354529],"iteration":460,"passed_time":0.2463966086,"remaining_time":0.2880862734},
{"learn":[854.5965425],"iteration":461,"passed_time":0.2469026885,"remaining_time":0.2875187152},
{"learn":[853.9789005],"iteration":462,"passed_time":0.247363727,"remaining_time":0.2868991823},
{"learn":[853.6028539],"iteration":463,"passed_time":0.2479894311,"remaining_time":0.2864705497},
{"learn":[853.3211131],"iteration":464,"passed_time":0.248591927,"remaining_time":0.2860143676},
{"learn":[852.642625],"iteration":465,"passed_time":0.2490896736,"remaining_time":0.2854375229},
{"learn":[851.684891],"iteration":466,"passed_time":0.2495714619,"remaining_time":0.2848428035},
{"learn":[851.3512865],"iteration":467,"passed_time":0.2501065833,"remaining_time":0.284309193},
{"learn":[850.8721301],"iteration":468,"passed_time":0.2506270797,"remaining_time":0.2837590178},
{"learn":[850.5175249],"iteration":469,"passed_time":0.2512471588,"remaining_time":0.2833212642},
{"learn":[850.1047189],"iteration":470,"passed_time":0.2517613637,"remaining_time":0.2827638246},
{"learn":[850.0028793],"iteration":471,"passed_time":0.2530424382,"remaining_time":0.2830644224},
{"learn":[849.620093],"iteration":472,"passed_time":0.2535273099,"remaining_time":0.2824712311},
{"learn":[849.4171677],"iteration":473,"passed_time":0.2540399731,"remaining_time":0.2819093372},
{"learn":[849.0715653],"iteration":474,"passed_time":0.2545215115,"remaining_time":0.2813132495},
{"learn":[848.6925631],"iteration":475,"passed_time":0.2551265073,"remaining_time":0.2808535501},
{"learn":[848.2118408],"iteration":476,"passed_time":0.2556335455,"remaining_time":0.2802858371},
{"learn":[847.504432],"iteration":477,"passed_time":0.2562421664,"remaining_time":0.2798293114},
{"learn":[847.3850795],"iteration":478,"passed_time":0.2575104077,"remaining_time":0.2800896084},
{"learn":[847.1220899],"iteration":479,"passed_time":0.2580209042,"remaining_time":0.2795226462},
{"learn":[846.6836788],"iteration":480,"passed_time":0.2585628589,"remaining_time":0.2789898623},
{"learn":[846.289462],"iteration":481,"passed_time":0.2590748554,"remaining_time":0.2784248446},
{"learn":[845.7870277],"iteration":482,"passed_time":0.2595978518,"remaining_time":0.2778718207},
{"learn":[845.3533631],"iteration":483,"passed_time":0.2602106393,"remaining_time":0.2774146485},
{"learn":[845.1479125],"iteration":484,"passed_time":0.2607379273,"remaining_time":0.2768660466},
{"learn":[844.9101102],"iteration":485,"passed_time":0.2613341316,"remaining_time":0.276390419},
{"learn":[844.5542657],"iteration":486,"passed_time":0.2619499191,"remaining_time":0.275934925},
{"learn":[844.2519362],"iteration":487,"passed_time":0.2624658739,"remaining_time":0.2753740316},
{"learn":[843.7251019],"iteration":488,"passed_time":0.2629708288,"remaining_time":0.2748018272},
{"learn":[843.2711847],"iteration":489,"passed_time":0.2634374922,"remaining_time":0.2741900429},
{"learn":[842.9118136],"iteration":490,"passed_time":0.2641027377,"remaining_time":0.2737847118},
{"learn":[842.5170841],"iteration":491,"passed_time":0.2646069009,"remaining_time":0.2732120034},
{"learn":[842.1494015],"iteration":492,"passed_time":0.2650678561,"remaining_time":0.272595138},
{"learn":[841.5230488],"iteration":493,"passed_time":0.2655973525,"remaining_time":0.27204911},
{"learn":[841.4480526],"iteration":494,"passed_time":0.2661144323,"remaining_time":0.2714904814},
{"learn":[841.1151906],"iteration":495,"passed_time":0.2672151748,"remaining_time":0.2715250969},
{"learn":[840.5506979],"iteration":496,"passed_time":0.2676662133,"remaining_time":0.2708975962},
{"learn":[840.2446115],"iteration":497,"passed_time":0.2681479601,"remaining_time":0.2703017589},
{"learn":[839.8445547],"iteration":498,"passed_time":0.2686142485,"remaining_time":0.2696908588},
{"learn":[839.7778748],"iteration":499,"passed_time":0.2690524122,"remaining_time":0.2690524122},
{"learn":[839.4472727],"iteration":500,"passed_time":0.269574242,"remaining_time":0.2684980973},
{"learn":[839.1227396],"iteration":501,"passed_time":0.2700926551,"remaining_time":0.2679405224},
{"learn":[838.7418698],"iteration":502,"passed_time":0.2706590262,"remaining_time":0.2674304891},
{"learn":[838.704867],"iteration":503,"passed_time":0.2710706068,"remaining_time":0.2667678987},
{"learn":[838.6263181],"iteration":504,"passed_time":0.2715335619,"remaining_time":0.2661566597},
{"learn":[838.1600121],"iteration":505,"passed_time":0.2720136836,"remaining_time":0.2655627663},
{"learn":[837.6150568],"iteration":506,"passed_time":0.2725023886,"remaining_time":0.2649776679},
{"learn":[837.4384805],"iteration":507,"passed_time":0.2730237184,"remaining_time":0.2644245462},
{"learn":[837.3490484],"iteration":508,"passed_time":0.2734724237,"remaining_time":0.2638014932},
{"learn":[836.6665713],"iteration":509,"passed_time":0.2740389198,"remaining_time":0.2632922955},
{"learn":[836.3166811],"iteration":510,"passed_time":0.2744665419,"remaining_time":0.2626499784},
{"learn":[836.0304832],"iteration":511,"passed_time":0.2750217881,"remaining_time":0.2621301418},
{"learn":[835.5374058],"iteration":512,"passed_time":0.2755592428,"remaining_time":0.2615932772},
{"learn":[834.7706472],"iteration":513,"passed_time":0.276152322,"remaining_time":0.2611090049},
{"learn":[834.6978739],"iteration":514,"passed_time":0.2766755268,"remaining_time":0.2605585058},
{"learn":[834.2490401],"iteration":515,"passed_time":0.2772876476,"remaining_time":0.2600915144},
{"learn":[833.8244557],"iteration":516,"passed_time":0.2777370196,"remaining_time":0.2594719158},
{"learn":[833.791373],"iteration":517,"passed_time":0.2782477661,"remaining_time":0.2589100835},
{"learn":[833.7279525],"iteration":518,"passed_time":0.278790929,"remaining_time":0.2583784911},
{"learn":[833.4660318],"iteration":519,"passed_time":0.2792733841,"remaining_time":0.2577908161},
{"learn":[833.399208],"iteration":520,"passed_time":0.2797731723,"remaining_time":0.2572194809},
{"learn":[833.0253177],"iteration":521,"passed_time":0.280263919,"remaining_time":0.2566401404},
{"learn":[832.6935567],"iteration":522,"passed_time":0.2807672905,"remaining_time":0.2560726531},
{"learn":[832.5094928],"iteration":523,"passed_time":0.2812848703,"remaining_time":0.2555183173},
{"learn":[832.4859819],"iteration":524,"passed_time":0.2817395339,"remaining_time":0.2549071973},
{"learn":[831.9459387],"iteration":525,"passed_time":0.2822330305,"remaining_time":0.2543316663},
{"learn":[831.385979],"iteration":526,"passed_time":0.2827425687,"remaining_time":0.2537708444},
{"learn":[830.9899806],"iteration":527,"passed_time":0.2833074815,"remaining_time":0.2532597183},
{"learn":[830.5219457],"iteration":528,"passed_time":0.2840168517,"remaining_time":0.2528770078},
{"learn":[830.2436337],"iteration":529,"passed_time":0.2844663486,"remaining_time":0.252262611},
{"learn":[829.982213],"iteration":530,"passed_time":0.2849603035,"remaining_time":0.2516881024},
{"learn":[829.7497025],"iteration":531,"passed_time":0.2855134664,"remaining_time":0.2511659818},
{"learn":[829.2367009],"iteration":532,"passed_time":0.2860357962,"remaining_time":0.2506167295},
{"learn":[828.7034347],"iteration":533,"passed_time":0.2865548343,"remaining_time":0.2500647056},
{"learn":[828.3576089],"iteration":534,"passed_time":0.2871044556,"remaining_time":0.2495393866},
{"learn":[827.9136528],"iteration":535,"passed_time":0.2876565768,"remaining_time":0.2490161411},
{"learn":[827.8308881],"iteration":536,"passed_time":0.2881472818,"remaining_time":0.2484398351},
{"learn":[827.4627016],"iteration":537,"passed_time":0.2886881531,"remaining_time":0.247906927},
{"learn":[826.9876033],"iteration":538,"passed_time":0.2892450659,"remaining_time":0.2473877095},
{"learn":[826.2753755],"iteration":539,"passed_time":0.289778729,"remaining_time":0.2468485469},
{"learn":[826.180668],"iteration":540,"passed_time":0.2902759339,"remaining_time":0.2462784726},
{"learn":[825.8929223],"iteration":541,"passed_time":0.2908214302,"remaining_time":0.2457494742},
{"learn":[825.4899734],"iteration":542,"passed_time":0.2913517182,"remaining_time":0.2452076155},
{"learn":[824.7744431],"iteration":543,"passed_time":0.2920292136,"remaining_time":0.2447891938},
{"learn":[824.3581566],"iteration":544,"passed_time":0.2925700016,"remaining_time":0.2442556894},
{"learn":[823.8535832],"iteration":545,"passed_time":0.2930835397,"remaining_time":0.2436995001},
{"learn":[823.4153679],"iteration":546,"passed_time":0.2936762857,"remaining_time":0.2432090629},
{"learn":[823.3226284],"iteration":547,"passed_time":0.2942236986,"remaining_time":0.2426808609},
{"learn":[822.8384117],"iteration":548,"passed_time":0.2947714032,"remaining_time":0.2421528285},
{"learn":[822.7420591],"iteration":549,"passed_time":0.2951568589,"remaining_time":0.2414919755},
{"learn":[822.6040605],"iteration":550,"passed_time":0.2956416056,"remaining_time":0.2409130325},
{"learn":[822.0058831],"iteration":551,"passed_time":0.2969073053,"remaining_time":0.2409682478},
{"learn":[821.9165828],"iteration":552,"passed_time":0.2973823854,"remaining_time":0.2403796135},
{"learn":[821.699772],"iteration":553,"passed_time":0.2979241317,"remaining_time":0.2398450591},
{"learn":[821.365248],"iteration":554,"passed_time":0.2984776696,"remaining_time":0.2393199332},
{"learn":[820.9067717],"iteration":555,"passed_time":0.2989627912,"remaining_time":0.2387400707},
{"learn":[820.5842173],"iteration":556,"passed_time":0.2995416206,"remaining_time":0.2382350771},
{"learn":[820.5146395],"iteration":557,"passed_time":0.3000045341,"remaining_time":0.2376380001},
{"learn":[820.1832048],"iteration":558,"passed_time":0.3005700719,"remaining_time":0.2371223644},
{"learn":[820.1041665],"iteration":559,"passed_time":0.3010842351,"remaining_time":0.2365661847},
{"learn":[819.7335581],"iteration":560,"passed_time":0.3016378146,"remaining_time":0.2360409993},
{"learn":[819.4165091],"iteration":561,"passed_time":0.3022308522,"remaining_time":0.2355464649},
{"learn":[819.0328994],"iteration":562,"passed_time":0.3027028907,"remaining_time":0.2349576612},
{"learn":[818.726487],"iteration":563,"passed_time":0.3033263448,"remaining_time":0.2344863233},
{"learn":[818.4631027],"iteration":564,"passed_time":0.3038299247,"remaining_time":0.2339221544},
{"learn":[818.3134584],"iteration":565,"passed_time":0.3043320462,"remaining_time":0.2333570814},
{"learn":[818.0232476],"iteration":566,"passed_time":0.3048696259,"remaining_time":0.2328193087},
{"learn":[817.8320975],"iteration":567,"passed_time":0.3053828724,"remaining_time":0.2322630297},
{"learn":[817.7411368],"iteration":568,"passed_time":0.3059346186,"remaining_time":0.2317360644},
{"learn":[817.4031056],"iteration":569,"passed_time":0.3064376152,"remaining_time":0.231172236},
{"learn":[817.1022351],"iteration":570,"passed_time":0.3069376534,"remaining_time":0.2306063981},
{"learn":[816.8830779],"iteration":571,"passed_time":0.3074590665,"remaining_time":0.2300567841},
{"learn":[816.5672425],"iteration":572,"passed_time":0.3078961886,"remaining_time":0.2294444546},
{"learn":[816.2074387],"iteration":573,"passed_time":0.3085471424,"remaining_time":0.2289914332},
{"learn":[815.9261119],"iteration":574,"passed_time":0.309057014,"remaining_time":0.2284334451},
{"learn":[815.8423203],"iteration":575,"passed_time":0.3095752604,"remaining_time":0.2278817889},
{"learn":[815.5330609],"iteration":576,"passed_time":0.3101308816,"remaining_time":0.2273576481},
{"learn":[815.0849704],"iteration":577,"passed_time":0.3107740856,"remaining_time":0.2268973427},
{"learn":[815.0273479],"iteration":578,"passed_time":0.311299332,"remaining_time":0.2263506369},
{"learn":[814.7964771],"iteration":579,"passed_time":0.3117865786,"remaining_time":0.225776488},
{"learn":[814.3158124],"iteration":580,"passed_time":0.3124062827,"remaining_time":0.2252981626},
{"learn":[814.059667],"iteration":581,"passed_time":0.3128193633,"remaining_time":0.2246709516},
{"learn":[813.9305208],"iteration":582,"passed_time":0.3132275271,"remaining_time":0.2240409585},
{"learn":[813.8534188],"iteration":583,"passed_time":0.3138197314,"remaining_time":0.2235428224},
{"learn":[813.5692726],"iteration":584,"passed_time":0.3143103947,"remaining_time":0.2229723313},
{"learn":[813.257548],"iteration":585,"passed_time":0.3148870575,"remaining_time":0.2224628699},
{"learn":[812.6337895],"iteration":586,"passed_time":0.3155083866,"remaining_time":0.2219846059},
{"learn":[812.2393074],"iteration":587,"passed_time":0.316124799,"remaining_time":0.2215024102},
{"learn":[811.9364589],"iteration":588,"passed_time":0.3166046707,"remaining_time":0.2209244816},
{"learn":[811.6049817],"iteration":589,"passed_time":0.3170732509,"remaining_time":0.2203390387},
{"learn":[811.2743765],"iteration":590,"passed_time":0.3175773308,"remaining_time":0.2197785588},
{"learn":[811.1112058],"iteration":591,"passed_time":0.3180772857,"remaining_time":0.2192154266},
{"learn":[811.0368248],"iteration":592,"passed_time":0.3186149903,"remaining_time":0.2186784166},
{"learn":[810.7260295],"iteration":593,"passed_time":0.319148945,"remaining_time":0.2181388412},
{"learn":[810.3798794],"iteration":594,"passed_time":0.3196297334,"remaining_time":0.2175630958},
{"learn":[810.0185199],"iteration":595,"passed_time":0.3202042711,"remaining_time":0.2170512174},
{"learn":[809.9985219],"iteration":596,"passed_time":0.3207670173,"remaining_time":0.2165311691},
{"learn":[809.5695668],"iteration":597,"passed_time":0.321303722,"remaining_time":0.215993472},
{"learn":[809.1813144],"iteration":598,"passed_time":0.3217937603,"remaining_time":0.2154245374},
{"learn":[808.9151741],"iteration":599,"passed_time":0.322379298,"remaining_time":0.214919532},
{"learn":[808.8296687],"iteration":600,"passed_time":0.322911961,"remaining_time":0.2143791555},
{"learn":[808.6295921],"iteration":601,"passed_time":0.3235461233,"remaining_time":0.2139059088},
{"learn":[808.3942716],"iteration":602,"passed_time":0.3241303693,"remaining_time":0.2133992647},
{"learn":[808.2421501],"iteration":603,"passed_time":0.3249224056,"remaining_time":0.213028597},
{"learn":[807.8604042],"iteration":604,"passed_time":0.3254146522,"remaining_time":0.212460806},
{"learn":[807.6104197],"iteration":605,"passed_time":0.3258941073,"remaining_time":0.2118849476},
{"learn":[807.1738481],"iteration":606,"passed_time":0.326477645,"remaining_time":0.2113767948},
{"learn":[806.8259443],"iteration":607,"passed_time":0.3268939755,"remaining_time":0.2107605894},
{"learn":[806.5440086],"iteration":608,"passed_time":0.3275049296,"remaining_time":0.2102699959},
{"learn":[806.4662634],"iteration":609,"passed_time":0.3281617585,"remaining_time":0.2098083374},
{"learn":[806.0964724],"iteration":610,"passed_time":0.3287852125,"remaining_time":0.2093247916},
{"learn":[806.0214619],"iteration":611,"passed_time":0.3293819168,"remaining_time":0.2088238296},
{"learn":[805.5952916],"iteration":612,"passed_time":0.3299776627,"remaining_time":0.2083219502},
{"learn":[805.5233255],"iteration":613,"passed_time":0.3305072424,"remaining_time":0.2077781687},
{"learn":[805.1826064],"iteration":614,"passed_time":0.3310349888,"remaining_time":0.2072332857},
{"learn":[805.1711564],"iteration":615,"passed_time":0.3314595276,"remaining_time":0.2066241211},
{"learn":[804.8590997],"iteration":616,"passed_time":0.3319551909,"remaining_time":0.2060597052},
{"learn":[804.5914053],"iteration":617,"passed_time":0.3324272293,"remaining_time":0.2054809087},
{"learn":[804.3289501],"iteration":618,"passed_time":0.3328508931,"remaining_time":0.2048726822},
{"learn":[803.980488],"iteration":619,"passed_time":0.3334369308,"remaining_time":0.2043645705},
{"learn":[803.6412123],"iteration":620,"passed_time":0.3341048845,"remaining_time":0.2039062017},
{"learn":[803.4119153],"iteration":621,"passed_time":0.3347040054,"remaining_time":0.2034053281},
{"learn":[803.1323171],"iteration":622,"passed_time":0.3351832105,"remaining_time":0.2028315736},
{"learn":[802.787737],"iteration":623,"passed_time":0.3358568726,"remaining_time":0.202375295},
{"learn":[802.5367002],"iteration":624,"passed_time":0.3365116181,"remaining_time":0.2019069709},
{"learn":[802.1873874],"iteration":625,"passed_time":0.3370414061,"remaining_time":0.201363396},
{"learn":[801.9408778],"iteration":626,"passed_time":0.337592569,"remaining_time":0.2008325809},
{"learn":[801.7242546],"iteration":627,"passed_time":0.3381194404,"remaining_time":0.2002873119},
{"learn":[801.261587],"iteration":628,"passed_time":0.3386361869,"remaining_time":0.1997361293},
{"learn":[800.9705014],"iteration":629,"passed_time":0.339256016,"remaining_time":0.1992455967},
{"learn":[800.6947656],"iteration":630,"passed_time":0.3398713451,"remaining_time":0.1987520228},
{"learn":[800.401278],"iteration":631,"passed_time":0.3403647584,"remaining_time":0.1981870745},
{"learn":[800.288695],"iteration":632,"passed_time":0.3408888382,"remaining_time":0.1976401321},
{"learn":[800.0179944],"iteration":633,"passed_time":0.3415545836,"remaining_time":0.1971750436},
{"learn":[799.8317673],"iteration":634,"passed_time":0.3420360387,"remaining_time":0.1966033923},
{"learn":[799.5382876],"iteration":635,"passed_time":0.3425441602,"remaining_time":0.1960472867},
{"learn":[799.3234079],"iteration":636,"passed_time":0.3430594484,"remaining_time":0.1954954156},
{"learn":[798.9644853],"iteration":637,"passed_time":0.3436899024,"remaining_time":0.1950090042},
{"learn":[798.7605501],"iteration":638,"passed_time":0.3441953989,"remaining_time":0.1944515478},
{"learn":[798.3245784],"iteration":639,"passed_time":0.3448255613,"remaining_time":0.1939643782},
{"learn":[797.9902204],"iteration":640,"passed_time":0.345354516,"remaining_time":0.19342008},
{"learn":[797.767438],"iteration":641,"passed_time":0.3458536376,"remaining_time":0.1928591936},
{"learn":[797.6566223],"iteration":642,"passed_time":0.3463741757,"remaining_time":0.1923103899},
{"learn":[797.401887],"iteration":643,"passed_time":0.3469718383,"remaining_time":0.1918043081},
{"learn":[797.1239401],"iteration":644,"passed_time":0.347506293,"remaining_time":0.1912631535},
{"learn":[796.8759723],"iteration":645,"passed_time":0.3480140812,"remaining_time":0.1907074067},
{"learn":[796.5574768],"iteration":646,"passed_time":0.3485456609,"remaining_time":0.1901647887},
{"learn":[796.334784],"iteration":647,"passed_time":0.3489547831,"remaining_time":0.1895556846},
{"learn":[795.6620032],"iteration":648,"passed_time":0.3494895294,"remaining_time":0.1890151384},
{"learn":[795.5066155],"iteration":649,"passed_time":0.3500570672,"remaining_time":0.188492267},
{"learn":[795.1354463],"iteration":650,"passed_time":0.3513910998,"remaining_time":0.1883801748},
{"learn":[794.9895341],"iteration":651,"passed_time":0.3518801381,"remaining_time":0.1878133253},
{"learn":[794.9262927],"iteration":652,"passed_time":0.3523925513,"remaining_time":0.1872591352},
{"learn":[794.3133337],"iteration":653,"passed_time":0.3529508808,"remaining_time":0.1867293651},
{"learn":[794.1000157],"iteration":654,"passed_time":0.3534700856,"remaining_time":0.1861789},
{"learn":[793.9977782],"iteration":655,"passed_time":0.3540282068,"remaining_time":0.1856489377},
{"learn":[793.718669],"iteration":656,"passed_time":0.3545584948,"remaining_time":0.1851043588},
{"learn":[793.6593239],"iteration":657,"passed_time":0.3550291999,"remaining_time":0.1845288547},
{"learn":[793.2622546],"iteration":658,"passed_time":0.3555142383,"remaining_time":0.1839610854},
{"learn":[793.0278352],"iteration":659,"passed_time":0.35599236,"remaining_time":0.1833900036},
{"learn":[792.8831994],"iteration":660,"passed_time":0.356534273,"remaining_time":0.1828519191},
{"learn":[792.6105011],"iteration":661,"passed_time":0.3571041858,"remaining_time":0.182328119},
{"learn":[792.5990357],"iteration":662,"passed_time":0.357745848,"remaining_time":0.1818406498},
{"learn":[792.4150535],"iteration":663,"passed_time":0.3581990533,"remaining_time":0.1812573523},
{"learn":[792.4039483],"iteration":664,"passed_time":0.3586863,"remaining_time":0.1806915947},
{"learn":[792.0558109],"iteration":665,"passed_time":0.3598401254,"remaining_time":0.1804603632},
{"learn":[791.8529133],"iteration":666,"passed_time":0.3605082042,"remaining_time":0.1799838561},
{"learn":[791.5926152],"iteration":667,"passed_time":0.3610059508,"remaining_time":0.1794221192},
{"learn":[791.3597961],"iteration":668,"passed_time":0.3615242389,"remaining_time":0.178870737},
{"learn":[790.9738868],"iteration":669,"passed_time":0.3620070689,"remaining_time":0.1783019892},
{"learn":[790.8885826],"iteration":670,"passed_time":0.3626005649,"remaining_time":0.1777877583},
{"learn":[790.696097],"iteration":671,"passed_time":0.3631145614,"remaining_time":0.1772344883},
{"learn":[790.5388157],"iteration":672,"passed_time":0.3635450168,"remaining_time":0.1766407437},
{"learn":[790.2771607],"iteration":673,"passed_time":0.3641113046,"remaining_time":0.1761131829},
{"learn":[790.0692643],"iteration":674,"passed_time":0.3646925506,"remaining_time":0.1755927095},
{"learn":[789.8404674],"iteration":675,"passed_time":0.365360671,"remaining_time":0.1751136944},
{"learn":[789.7841365],"iteration":676,"passed_time":0.3658841675,"remaining_time":0.1745651198},
{"learn":[789.3872768],"iteration":677,"passed_time":0.3666162458,"remaining_time":0.1741156802},
{"learn":[789.3106046],"iteration":678,"passed_time":0.3671650754,"remaining_time":0.1735787764},
{"learn":[789.0716739],"iteration":679,"passed_time":0.3677467797,"remaining_time":0.1730573081},
{"learn":[788.5251733],"iteration":680,"passed_time":0.3683057343,"remaining_time":0.1725250062},
{"learn":[788.1557423],"iteration":681,"passed_time":0.3688079392,"remaining_time":0.1719661652},
{"learn":[787.867453],"iteration":682,"passed_time":0.3692331446,"remaining_time":0.1713717523},
{"learn":[787.7320031],"iteration":683,"passed_time":0.3697365161,"remaining_time":0.1708139461},
{"learn":[787.1911317],"iteration":684,"passed_time":0.3702284295,"remaining_time":0.1702510296},
{"learn":[787.0792908],"iteration":685,"passed_time":0.3707692174,"remaining_time":0.1697106914},
{"learn":[786.7531027],"iteration":686,"passed_time":0.3713536301,"remaining_time":0.1691902274},
{"learn":[786.3797682],"iteration":687,"passed_time":0.3719797092,"remaining_time":0.1686884728},
{"learn":[786.3692367],"iteration":688,"passed_time":0.3724649975,"remaining_time":0.1681228073},
{"learn":[786.1581336],"iteration":689,"passed_time":0.372930786,"remaining_time":0.167548614},
{"learn":[785.7786432],"iteration":690,"passed_time":0.3734125327,"remaining_time":0.1669818706},
{"learn":[785.5832288],"iteration":691,"passed_time":0.3739422791,"remaining_time":0.1664367369},
{"learn":[785.2734031],"iteration":692,"passed_time":0.3744081509,"remaining_time":0.1658633511},
{"learn":[785.0450849],"iteration":693,"passed_time":0.3749139808,"remaining_time":0.1653078935},
{"learn":[784.8371451],"iteration":694,"passed_time":0.3754120607,"remaining_time":0.1647491777},
{"learn":[784.6409072],"iteration":695,"passed_time":0.3759775568,"remaining_time":0.1642200823},
{"learn":[784.2416685],"iteration":696,"passed_time":0.376544053,"remaining_time":0.1636913171},
{"learn":[783.8998863],"iteration":697,"passed_time":0.3771189241,"remaining_time":0.1631660674},
{"learn":[783.6239706],"iteration":698,"passed_time":0.3776942118,"remaining_time":0.1626408551},
{"learn":[783.2555513],"iteration":699,"passed_time":0.3782666245,"remaining_time":0.1621142677},
{"learn":[783.0048447],"iteration":700,"passed_time":0.3787936626,"remaining_time":0.1615681956},
{"learn":[782.8540167],"iteration":701,"passed_time":0.379272076,"remaining_time":0.1610015365},
{"learn":[782.4868224],"iteration":702,"passed_time":0.3797741559,"remaining_time":0.160445127},
{"learn":[782.2355279],"iteration":703,"passed_time":0.3803126522,"remaining_time":0.1599041833},
{"learn":[782.0091522],"iteration":704,"passed_time":0.3809433146,"remaining_time":0.1594018125},
{"learn":[781.7773573],"iteration":705,"passed_time":0.3815134774,"remaining_time":0.1588738843},
{"learn":[781.4817199],"iteration":706,"passed_time":0.382061307,"remaining_time":0.1583365812},
{"learn":[781.2449493],"iteration":707,"passed_time":0.3825415953,"remaining_time":0.1577713924},
{"learn":[780.9794959],"iteration":708,"passed_time":0.3830515502,"remaining_time":0.1572186193},
{"learn":[780.842417],"iteration":709,"passed_time":0.3837685036,"remaining_time":0.1567505156},
{"learn":[780.5584516],"iteration":710,"passed_time":0.3843405831,"remaining_time":0.1562228249},
{"learn":[780.4325153],"iteration":711,"passed_time":0.3849476206,"remaining_time":0.1557091499},
{"learn":[780.2274734],"iteration":712,"passed_time":0.38551345,"remaining_time":0.1551786258},
{"learn":[780.0315761],"iteration":713,"passed_time":0.3865492763,"remaining_time":0.1548362647},
{"learn":[779.909717],"iteration":714,"passed_time":0.3882358898,"remaining_time":0.1547513687},
{"learn":[779.5333036],"iteration":715,"passed_time":0.3890487592,"remaining_time":0.1543154296},
{"learn":[779.2942414],"iteration":716,"passed_time":0.3896857549,"remaining_time":0.1538090218},
{"learn":[779.0032312],"iteration":717,"passed_time":0.3903604169,"remaining_time":0.153317044},
{"learn":[778.819041],"iteration":718,"passed_time":0.390938538,"remaining_time":0.1527868278},
{"learn":[778.6071323],"iteration":719,"passed_time":0.3915112841,"remaining_time":0.1522543883},
{"learn":[778.4228922],"iteration":720,"passed_time":0.3920601137,"remaining_time":0.1517125821},
{"learn":[778.2145164],"iteration":721,"passed_time":0.3925592769,"remaining_time":0.1511516329},
{"learn":[778.0354394],"iteration":722,"passed_time":0.3930325654,"remaining_time":0.1505809414},
{"learn":[777.6938364],"iteration":723,"passed_time":0.3935673534,"remaining_time":0.1500339634},
{"learn":[777.4249453],"iteration":724,"passed_time":0.3941273079,"remaining_time":0.1494965651},
{"learn":[777.0217809],"iteration":725,"passed_time":0.3946386377,"remaining_time":0.1489407531},
{"learn":[776.7143344],"iteration":726,"passed_time":0.3951630925,"remaining_time":0.1483899921},
{"learn":[776.5196023],"iteration":727,"passed_time":0.3958040048,"remaining_time":0.147882815},
{"learn":[776.1769444],"iteration":728,"passed_time":0.3963945007,"remaining_time":0.1473565291},
{"learn":[775.8316675],"iteration":729,"passed_time":0.3969723718,"remaining_time":0.1468253978},
{"learn":[775.6451736],"iteration":730,"passed_time":0.3975361596,"remaining_time":0.1462889561},
{"learn":[775.306119],"iteration":731,"passed_time":0.3981736969,"remaining_time":0.1457794409},
{"learn":[775.0353922],"iteration":732,"passed_time":0.3986750685,"remaining_time":0.1452199772},
{"learn":[774.6113961],"iteration":733,"passed_time":0.3993466056,"remaining_time":0.1447223393},
{"learn":[774.4216858],"iteration":734,"passed_time":0.39991631,"remaining_time":0.1441875131},
{"learn":[774.4120765],"iteration":735,"passed_time":0.4004577646,"remaining_time":0.1436424591},
{"learn":[774.2331353],"iteration":736,"passed_time":0.4010104275,"remaining_time":0.1431014144},
{"learn":[773.9773661],"iteration":737,"passed_time":0.4015840486,"remaining_time":0.1425677788},
{"learn":[773.7943525],"iteration":738,"passed_time":0.4020760452,"remaining_time":0.1420052068},
{"learn":[773.4563043],"iteration":739,"passed_time":0.4025744585,"remaining_time":0.14144508},
{"learn":[773.3404498],"iteration":740,"passed_time":0.4032921203,"remaining_time":0.1409617532},
{"learn":[773.0764169],"iteration":741,"passed_time":0.4039116577,"remaining_time":0.1404436761},
{"learn":[772.6418482],"iteration":742,"passed_time":0.4044624456,"remaining_time":0.1399015458},
{"learn":[772.3553771],"iteration":743,"passed_time":0.405187399,"remaining_time":0.1394193201},
{"learn":[772.1638206],"iteration":744,"passed_time":0.4057089371,"remaining_time":0.1388668174},
{"learn":[771.8522295],"iteration":745,"passed_time":0.4062616417,"remaining_time":0.1383250094},
{"learn":[771.6190896],"iteration":746,"passed_time":0.4069120122,"remaining_time":0.1378162505},
{"learn":[771.4319497],"iteration":747,"passed_time":0.4074932999,"remaining_time":0.137283839},
{"learn":[771.1426735],"iteration":748,"passed_time":0.4080833375,"remaining_time":0.1367542293},
{"learn":[770.974138],"iteration":749,"passed_time":0.408647417,"remaining_time":0.1362158057},
{"learn":[770.7885295],"iteration":750,"passed_time":0.4092593712,"remaining_time":0.135693187},
{"learn":[770.4553728],"iteration":751,"passed_time":0.4098584088,"remaining_time":0.135166071},
{"learn":[770.4460973],"iteration":752,"passed_time":0.4103416555,"remaining_time":0.1346007821},
{"learn":[770.0432828],"iteration":753,"passed_time":0.4109148599,"remaining_time":0.1340650604},
{"learn":[769.7322558],"iteration":754,"passed_time":0.4115413139,"remaining_time":0.1335465191},
{"learn":[769.5133516],"iteration":755,"passed_time":0.4120665603,"remaining_time":0.1329950274},
{"learn":[769.3284966],"iteration":756,"passed_time":0.4126475564,"remaining_time":0.1324615009},
{"learn":[769.3196429],"iteration":757,"passed_time":0.4131783861,"remaining_time":0.131911833},
{"learn":[769.0011909],"iteration":758,"passed_time":0.4136828826,"remaining_time":0.1313538534},
{"learn":[768.6888283],"iteration":759,"passed_time":0.414264462,"remaining_time":0.1308203564},
{"learn":[768.3889641],"iteration":760,"passed_time":0.4149281241,"remaining_time":0.130312512},
{"learn":[768.1317376],"iteration":761,"passed_time":0.4158062015,"remaining_time":0.1298712283},
{"learn":[767.8655612],"iteration":762,"passed_time":0.4165974461,"remaining_time":0.1294018279},
{"learn":[767.6767449],"iteration":763,"passed_time":0.4171619839,"remaining_time":0.1288615552},
{"learn":[767.375196],"iteration":764,"passed_time":0.4177213967,"remaining_time":0.1283196447},
{"learn":[766.9700884],"iteration":765,"passed_time":0.4183226426,"remaining_time":0.1277904678},
{"learn":[766.7599498],"iteration":766,"passed_time":0.419042596,"remaining_time":0.1272971641},
{"learn":[766.38914],"iteration":767,"passed_time":0.4198582154,"remaining_time":0.1268321693},
{"learn":[766.1030036],"iteration":768,"passed_time":0.4205998771,"remaining_time":0.1263440463},
{"learn":[765.916366],"iteration":769,"passed_time":0.4211284568,"remaining_time":0.125791617},
{"learn":[765.6267822],"iteration":770,"passed_time":0.42188216,"remaining_time":0.125306115},
{"learn":[765.3868026],"iteration":771,"passed_time":0.4224531561,"remaining_time":0.124765958},
{"learn":[765.181846],"iteration":772,"passed_time":0.4229921107,"remaining_time":0.1242163119},
{"learn":[765.0499089],"iteration":773,"passed_time":0.4234856907,"remaining_time":0.1236534446},
{"learn":[764.6937971],"iteration":774,"passed_time":0.4240318536,"remaining_time":0.123106022},
{"learn":[764.5325161],"iteration":775,"passed_time":0.4248634729,"remaining_time":0.1226410025},
{"learn":[764.3119855],"iteration":776,"passed_time":0.4254282607,"remaining_time":0.1220984584},
{"learn":[764.2602235],"iteration":777,"passed_time":0.4259851319,"remaining_time":0.1215535981},
{"learn":[763.9010228],"iteration":778,"passed_time":0.4264956701,"remaining_time":0.1209955624},
{"learn":[763.6356143],"iteration":779,"passed_time":0.4270678745,"remaining_time":0.1204550415},
{"learn":[763.4493278],"iteration":780,"passed_time":0.427679912,"remaining_time":0.1199256091},
{"learn":[763.0809449],"iteration":781,"passed_time":0.4282602414,"remaining_time":0.1193871261},
{"learn":[762.6684582],"iteration":782,"passed_time":0.4287511547,"remaining_time":0.1188237555},
{"learn":[762.356076],"iteration":783,"passed_time":0.4292270265,"remaining_time":0.1182564257},
{"learn":[762.1564304],"iteration":784,"passed_time":0.4297285647,"remaining_time":0.1176963585},
{"learn":[761.8559622],"iteration":785,"passed_time":0.4302094781,"remaining_time":0.1171308248},
{"learn":[761.7668806],"iteration":786,"passed_time":0.4307803492,"remaining_time":0.1165898531},
{"learn":[761.5778679],"iteration":787,"passed_time":0.4312814291,"remaining_time":0.1160300291},
{"learn":[761.3378523],"iteration":788,"passed_time":0.4320909236,"remaining_time":0.1155528325},
{"learn":[761.3293019],"iteration":789,"passed_time":0.4326673363,"remaining_time":0.1150128362},
{"learn":[761.0458444],"iteration":790,"passed_time":0.4333579982,"remaining_time":0.1145029351},
{"learn":[760.8465115],"iteration":791,"passed_time":0.4340207437,"remaining_time":0.1139852458},
{"learn":[760.6391423],"iteration":792,"passed_time":0.4345439901,"remaining_time":0.1134307767},
{"learn":[760.3707956],"iteration":793,"passed_time":0.4352451937,"remaining_time":0.1129225565},
{"learn":[759.9416782],"iteration":794,"passed_time":0.4358798143,"remaining_time":0.1123966817},
{"learn":[759.7277694],"iteration":795,"passed_time":0.4365199766,"remaining_time":0.1118719538},
{"learn":[759.5253108],"iteration":796,"passed_time":0.4370074733,"remaining_time":0.1113080515},
{"learn":[759.3878406],"iteration":797,"passed_time":0.4380848826,"remaining_time":0.110893667},
{"learn":[759.249564],"iteration":798,"passed_time":0.4385580461,"remaining_time":0.1103256161},
{"learn":[759.0856003],"iteration":799,"passed_time":0.4391512087,"remaining_time":0.1097878022},
{"learn":[758.9024294],"iteration":800,"passed_time":0.4396581219,"remaining_time":0.1092284223},
{"learn":[758.8228382],"iteration":801,"passed_time":0.4404399915,"remaining_time":0.1087370553},
{"learn":[758.5838688],"iteration":802,"passed_time":0.4409917378,"remaining_time":0.1081885085},
{"learn":[758.4801633],"iteration":803,"passed_time":0.4415586089,"remaining_time":0.107643641},
{"learn":[758.3523526],"iteration":804,"passed_time":0.4420432722,"remaining_time":0.1070788051},
{"learn":[758.0716761],"iteration":805,"passed_time":0.4425379355,"remaining_time":0.1065165751},
{"learn":[758.0611997],"iteration":806,"passed_time":0.4430765152,"remaining_time":0.1059650154},
{"learn":[757.9373068],"iteration":807,"passed_time":0.4436893027,"remaining_time":0.1054311214},
{"learn":[757.7654016],"iteration":808,"passed_time":0.4443632564,"remaining_time":0.1049114734},
{"learn":[757.3653049],"iteration":809,"passed_time":0.4448883778,"remaining_time":0.1043565331},
{"learn":[757.0647729],"iteration":810,"passed_time":0.4453881244,"remaining_time":0.1037957528},
{"learn":[756.7782874],"iteration":811,"passed_time":0.4460679948,"remaining_time":0.1032768264},
{"learn":[756.5029498],"iteration":812,"passed_time":0.4465561164,"remaining_time":0.1027133995},
{"learn":[756.2597163],"iteration":813,"passed_time":0.4470532797,"remaining_time":0.1021522236},
{"learn":[756.1053048],"iteration":814,"passed_time":0.4476064426,"remaining_time":0.1016039164},
{"learn":[756.0952429],"iteration":815,"passed_time":0.4483019378,"remaining_time":0.1010876919},
{"learn":[755.9697924],"iteration":816,"passed_time":0.448857059,"remaining_time":0.1005395861},
{"learn":[755.8032799],"iteration":817,"passed_time":0.4495678458,"remaining_time":0.1000260977},
{"learn":[755.5807114],"iteration":818,"passed_time":0.4502613411,"remaining_time":0.09950830616},
{"learn":[755.5708361],"iteration":819,"passed_time":0.4508859618,"remaining_time":0.09897496723},
{"learn":[755.4249934],"iteration":820,"passed_time":0.4514847911,"remaining_time":0.09843578271},
{"learn":[755.2778317],"iteration":821,"passed_time":0.4520015792,"remaining_time":0.09787868747},
{"learn":[755.0668164],"iteration":822,"passed_time":0.4529345312,"remaining_time":0.09741119322},
{"learn":[754.8241527],"iteration":823,"passed_time":0.4536927343,"remaining_time":0.09690524423},
{"learn":[754.7179775],"iteration":824,"passed_time":0.4542652721,"remaining_time":0.09635930014},
{"learn":[754.4247568],"iteration":825,"passed_time":0.4548330599,"remaining_time":0.09581229107},
{"learn":[754.0372637],"iteration":826,"passed_time":0.4561818423,"remaining_time":0.09542860789},
{"learn":[753.8230766],"iteration":827,"passed_time":0.4567884215,"remaining_time":0.09488841607},
{"learn":[753.6793703],"iteration":828,"passed_time":0.4572793765,"remaining_time":0.09432421397},
{"learn":[753.5888871],"iteration":829,"passed_time":0.457847831,"remaining_time":0.09377606176},
{"learn":[753.3727624],"iteration":830,"passed_time":0.4583880356,"remaining_time":0.09322211554},
{"learn":[753.0108132],"iteration":831,"passed_time":0.4588426158,"remaining_time":0.09265091281},
{"learn":[752.8494494],"iteration":832,"passed_time":0.4593591956,"remaining_time":0.09209241977},
{"learn":[752.840367],"iteration":833,"passed_time":0.4598144009,"remaining_time":0.0915218112},
{"learn":[752.7213278],"iteration":834,"passed_time":0.4602951476,"remaining_time":0.09095652617},
{"learn":[752.5747629],"iteration":835,"passed_time":0.460822644,"remaining_time":0.09040061437},
{"learn":[752.2266958],"iteration":836,"passed_time":0.4613600153,"remaining_time":0.08984669354},
{"learn":[751.9829424],"iteration":837,"passed_time":0.4619161365,"remaining_time":0.08929643689},
{"learn":[751.7817405],"iteration":838,"passed_time":0.4624607994,"remaining_time":0.08874396747},
{"learn":[751.6364262],"iteration":839,"passed_time":0.4629470878,"remaining_time":0.08818039767},
{"learn":[751.6290178],"iteration":840,"passed_time":0.4634370428,"remaining_time":0.08761770488},
{"learn":[751.6203113],"iteration":841,"passed_time":0.4641589962,"remaining_time":0.087098719},
{"learn":[751.3602586],"iteration":842,"passed_time":0.4648751996,"remaining_time":0.08657818071},
{"learn":[751.1615799],"iteration":843,"passed_time":0.4654653206,"remaining_time":0.08603387442},
{"learn":[750.9737311],"iteration":844,"passed_time":0.4661265244,"remaining_time":0.08550249856},
{"learn":[750.8141815],"iteration":845,"passed_time":0.4667110621,"remaining_time":0.08495686},
{"learn":[750.787937],"iteration":846,"passed_time":0.4671890172,"remaining_time":0.08439187677},
{"learn":[750.763702],"iteration":847,"passed_time":0.4678217212,"remaining_time":0.08385483681},
{"learn":[750.5263046],"iteration":848,"passed_time":0.4686888819,"remaining_time":0.0833592711},
{"learn":[750.3234219],"iteration":849,"passed_time":0.4694344601,"remaining_time":0.08284137532},
{"learn":[750.0973685],"iteration":850,"passed_time":0.470088664,"remaining_time":0.08230694587},
{"learn":[749.7907442],"iteration":851,"passed_time":0.4706613268,"remaining_time":0.08175807085},
{"learn":[749.6836907],"iteration":852,"passed_time":0.4712498227,"remaining_time":0.08121186863},
{"learn":[749.6733167],"iteration":853,"passed_time":0.4718353604,"remaining_time":0.08066506162},
{"learn":[749.3838365],"iteration":854,"passed_time":0.4725874386,"remaining_time":0.08014640772},
{"learn":[749.0100453],"iteration":855,"passed_time":0.4733258502,"remaining_time":0.07962490939},
{"learn":[748.7595887],"iteration":856,"passed_time":0.4739300961,"remaining_time":0.07908051779},
{"learn":[748.5803566],"iteration":857,"passed_time":0.4743939263,"remaining_time":0.0785127477},
{"learn":[748.4362955],"iteration":858,"passed_time":0.475118838,"remaining_time":0.07798807469},
{"learn":[748.2520504],"iteration":859,"passed_time":0.4761124979,"remaining_time":0.0775066857},
{"learn":[747.8698391],"iteration":860,"passed_time":0.4771356992,"remaining_time":0.07702887595},
{"learn":[747.8622444],"iteration":861,"passed_time":0.4781436507,"remaining_time":0.07654735939},
{"learn":[747.6217694],"iteration":862,"passed_time":0.4787647714,"remaining_time":0.076003214},
{"learn":[747.4695979],"iteration":863,"passed_time":0.4792991844,"remaining_time":0.07544524199},
{"learn":[747.2026304],"iteration":864,"passed_time":0.4801513453,"remaining_time":0.07493691516},
{"learn":[747.0319643],"iteration":865,"passed_time":0.4810254643,"remaining_time":0.07443119194},
{"learn":[746.8696354],"iteration":866,"passed_time":0.4816460434,"remaining_time":0.07388572523},
{"learn":[746.6901122],"iteration":867,"passed_time":0.4824177465,"remaining_time":0.07336306743},
{"learn":[746.5636448],"iteration":868,"passed_time":0.4830953668,"remaining_time":0.07282565369},
{"learn":[746.4701503],"iteration":869,"passed_time":0.4844654825,"remaining_time":0.07239139393},
{"learn":[746.1133353],"iteration":870,"passed_time":0.4851987275,"remaining_time":0.07186066113},
{"learn":[745.9351335],"iteration":871,"passed_time":0.4858878894,"remaining_time":0.07132299294},
{"learn":[745.9289576],"iteration":872,"passed_time":0.4866390093,"remaining_time":0.07079399104},
{"learn":[745.7596325],"iteration":873,"passed_time":0.4875118367,"remaining_time":0.0702820268},
{"learn":[745.5584285],"iteration":874,"passed_time":0.4880117916,"remaining_time":0.06971597023},
{"learn":[745.367804],"iteration":875,"passed_time":0.48848383,"remaining_time":0.06914611293},
{"learn":[745.1675597],"iteration":876,"passed_time":0.4890412012,"remaining_time":0.06858844669},
{"learn":[745.0177922],"iteration":877,"passed_time":0.4896012807,"remaining_time":0.06803115746},
{"learn":[744.8751073],"iteration":878,"passed_time":0.4901851934,"remaining_time":0.06747714266},
{"learn":[744.7272507],"iteration":879,"passed_time":0.4907213147,"remaining_time":0.06691654292},
{"learn":[744.5458329],"iteration":880,"passed_time":0.4912705193,"remaining_time":0.06635776595},
{"learn":[744.2822298],"iteration":881,"passed_time":0.4919433481,"remaining_time":0.06581554997},
{"learn":[744.2581152],"iteration":882,"passed_time":0.4924629278,"remaining_time":0.06525273223},
{"learn":[744.0809226],"iteration":883,"passed_time":0.4930617154,"remaining_time":0.0647004061},
{"learn":[743.8811975],"iteration":884,"passed_time":0.4935652953,"remaining_time":0.06413560335},
{"learn":[743.7206547],"iteration":885,"passed_time":0.4941889161,"remaining_time":0.06358638423},
{"learn":[743.7135405],"iteration":886,"passed_time":0.4946698711,"remaining_time":0.06301882236},
{"learn":[743.3667483],"iteration":887,"passed_time":0.4952099924,"remaining_time":0.06245891796},
{"learn":[743.0668936],"iteration":888,"passed_time":0.4956917391,"remaining_time":0.06189176945},
{"learn":[742.9729771],"iteration":889,"passed_time":0.496491692,"remaining_time":0.06136414171},
{"learn":[742.629694],"iteration":890,"passed_time":0.497320728,"remaining_time":0.06083946055},
{"learn":[742.6240895],"iteration":891,"passed_time":0.497956682,"remaining_time":0.06029071934},
{"learn":[742.502038],"iteration":892,"passed_time":0.4992005485,"remaining_time":0.05981462339},
{"learn":[742.2875639],"iteration":893,"passed_time":0.4999317518,"remaining_time":0.05927602427},
{"learn":[742.2048012],"iteration":894,"passed_time":0.500584539,"remaining_time":0.05872779508},
{"learn":[742.0599043],"iteration":895,"passed_time":0.5011663684,"remaining_time":0.05817109633},
{"learn":[741.7659373],"iteration":896,"passed_time":0.5017874058,"remaining_time":0.0576188437},
{"learn":[741.4436513],"iteration":897,"passed_time":0.5023862351,"remaining_time":0.05706391534},
{"learn":[741.1852766],"iteration":898,"passed_time":0.5029810227,"remaining_time":0.05650843525},
{"learn":[741.0146429],"iteration":899,"passed_time":0.503464186,"remaining_time":0.05594046512},
{"learn":[740.6262815],"iteration":900,"passed_time":0.5041780562,"remaining_time":0.05539803281},
{"learn":[740.6208375],"iteration":901,"passed_time":0.5048093435,"remaining_time":0.05484624797},
{"learn":[740.5128584],"iteration":902,"passed_time":0.5054645057,"remaining_time":0.05429685167},
{"learn":[740.3119777],"iteration":903,"passed_time":0.5060621266,"remaining_time":0.05374111079},
{"learn":[740.1771665],"iteration":904,"passed_time":0.506592748,"remaining_time":0.05317824427},
{"learn":[739.8471554],"iteration":905,"passed_time":0.5070756197,"remaining_time":0.05261049476},
{"learn":[739.5223168],"iteration":906,"passed_time":0.5077280319,"remaining_time":0.05206031639},
{"learn":[739.3945431],"iteration":907,"passed_time":0.5082223619,"remaining_time":0.0514938957},
{"learn":[739.2692763],"iteration":908,"passed_time":0.5087839414,"remaining_time":0.05093436597},
{"learn":[739.1471671],"iteration":909,"passed_time":0.5093041045,"remaining_time":0.05037073561},
{"learn":[738.9776839],"iteration":910,"passed_time":0.509762143,"remaining_time":0.04980113143},
{"learn":[738.8952875],"iteration":911,"passed_time":0.5103168476,"remaining_time":0.04924109933},
{"learn":[738.4447351],"iteration":912,"passed_time":0.5109233434,"remaining_time":0.0486860141},
{"learn":[738.3480758],"iteration":913,"passed_time":0.5114718813,"remaining_time":0.04812536301},
{"learn":[738.0345661],"iteration":914,"passed_time":0.5120180859,"remaining_time":0.04756452164},
{"learn":[738.0129549],"iteration":915,"passed_time":0.5126931647,"remaining_time":0.04701553038},
{"learn":[737.823866],"iteration":916,"passed_time":0.5133792433,"remaining_time":0.04646725975},
{"learn":[737.4800967],"iteration":917,"passed_time":0.5139274479,"remaining_time":0.04590637334},
{"learn":[737.2843234],"iteration":918,"passed_time":0.5145011106,"remaining_time":0.04534775839},
{"learn":[736.9653399],"iteration":919,"passed_time":0.5150048155,"remaining_time":0.04478302744},
{"learn":[736.7847185],"iteration":920,"passed_time":0.5157075607,"remaining_time":0.04423550195},
{"learn":[736.5223715],"iteration":921,"passed_time":0.5163817228,"remaining_time":0.04368522167},
{"learn":[736.2458315],"iteration":922,"passed_time":0.5171341343,"remaining_time":0.04314120081},
{"learn":[736.0498787],"iteration":923,"passed_time":0.5182857098,"remaining_time":0.04262956055},
{"learn":[735.9147781],"iteration":924,"passed_time":0.5188471226,"remaining_time":0.04206868562},
{"learn":[735.7889341],"iteration":925,"passed_time":0.5194013688,"remaining_time":0.04150723682},
{"learn":[735.4191103],"iteration":926,"passed_time":0.5198985738,"remaining_time":0.04094131164},
{"learn":[735.3042618],"iteration":927,"passed_time":0.5205141946,"remaining_time":0.04038472199},
{"learn":[735.00461],"iteration":928,"passed_time":0.5212040649,"remaining_time":0.03983367988},
{"learn":[734.8797548],"iteration":929,"passed_time":0.521775061,"remaining_time":0.03927339169},
{"learn":[734.6519143],"iteration":930,"passed_time":0.522405015,"remaining_time":0.03871745009},
{"learn":[734.5577389],"iteration":931,"passed_time":0.5229551779,"remaining_time":0.038155528},
{"learn":[734.4314671],"iteration":932,"passed_time":0.5234223414,"remaining_time":0.03758767082},
{"learn":[734.1498082],"iteration":933,"passed_time":0.5240841285,"remaining_time":0.0370337821},
{"learn":[734.0059972],"iteration":934,"passed_time":0.5245686669,"remaining_time":0.03646734048},
{"learn":[733.846911],"iteration":935,"passed_time":0.525227329,"remaining_time":0.03591297976},
{"learn":[733.58942],"iteration":936,"passed_time":0.5256751593,"remaining_time":0.03534422096},
{"learn":[733.5163778],"iteration":937,"passed_time":0.5262298639,"remaining_time":0.03478278418},
{"learn":[733.2523181],"iteration":938,"passed_time":0.5268913593,"remaining_time":0.03422829917},
{"learn":[732.9971855],"iteration":939,"passed_time":0.5274418556,"remaining_time":0.03366650142},
{"learn":[732.5925417],"iteration":940,"passed_time":0.528023185,"remaining_time":0.03310666091},
{"learn":[732.447567],"iteration":941,"passed_time":0.5288668042,"remaining_time":0.03256292425},
{"learn":[732.1011122],"iteration":942,"passed_time":0.5296572571,"remaining_time":0.03201533792},
{"learn":[731.9353154],"iteration":943,"passed_time":0.5308844154,"remaining_time":0.03149314329},
{"learn":[731.6367924],"iteration":944,"passed_time":0.5314785363,"remaining_time":0.03093261323},
{"learn":[731.4856981],"iteration":945,"passed_time":0.532066824,"remaining_time":0.03037167917},
{"learn":[731.3954478],"iteration":946,"passed_time":0.5327289445,"remaining_time":0.02981481949},
{"learn":[731.1350677],"iteration":947,"passed_time":0.5334145231,"remaining_time":0.02925902448},
{"learn":[730.7235237],"iteration":948,"passed_time":0.5341298099,"remaining_time":0.02870455248},
{"learn":[730.5727906],"iteration":949,"passed_time":0.5346579313,"remaining_time":0.02813989112},
{"learn":[730.1700772],"iteration":950,"passed_time":0.5351697611,"remaining_time":0.02757446719},
{"learn":[730.0378541],"iteration":951,"passed_time":0.5356573411,"remaining_time":0.02700793317},
{"learn":[729.918903],"iteration":952,"passed_time":0.5362013374,"remaining_time":0.02644434718},
{"learn":[729.827725],"iteration":953,"passed_time":0.5368939577,"remaining_time":0.02588796861},
{"learn":[729.5386279],"iteration":954,"passed_time":0.5375958696,"remaining_time":0.02533174254},
{"learn":[729.3668858],"iteration":955,"passed_time":0.5382004488,"remaining_time":0.02477073195},
{"learn":[729.0490644],"iteration":956,"passed_time":0.5387572783,"remaining_time":0.02420748481},
{"learn":[728.9882669],"iteration":957,"passed_time":0.5392728998,"remaining_time":0.02364244446},
{"learn":[728.7152894],"iteration":958,"passed_time":0.5397956045,"remaining_time":0.02307781},
{"learn":[728.6315154],"iteration":959,"passed_time":0.5403989338,"remaining_time":0.02251662224},
{"learn":[728.492237],"iteration":960,"passed_time":0.5410842624,"remaining_time":0.02195867454},
{"learn":[728.2913708],"iteration":961,"passed_time":0.5416195921,"remaining_time":0.0213945369},
{"learn":[728.1278063],"iteration":962,"passed_time":0.5420570474,"remaining_time":0.0208266986},
{"learn":[727.9786595],"iteration":963,"passed_time":0.5424667946,"remaining_time":0.02025809606},
{"learn":[727.6011776],"iteration":964,"passed_time":0.5429991243,"remaining_time":0.01969426876},
{"learn":[727.3816239],"iteration":965,"passed_time":0.543636245,"remaining_time":0.01913419496},
{"learn":[726.9052258],"iteration":966,"passed_time":0.5443331152,"remaining_time":0.01857600083},
{"learn":[726.7934008],"iteration":967,"passed_time":0.5451437347,"remaining_time":0.01802128049},
{"learn":[726.5153601],"iteration":968,"passed_time":0.5456698561,"remaining_time":0.01745693038},
{"learn":[726.3431877],"iteration":969,"passed_time":0.5462487271,"remaining_time":0.01689429053},
{"learn":[726.0464912],"iteration":970,"passed_time":0.5468181816,"remaining_time":0.01633133601},
{"learn":[725.8850494],"iteration":971,"passed_time":0.5473338864,"remaining_time":0.01576681977},
{"learn":[725.6218283],"iteration":972,"passed_time":0.5480931312,"remaining_time":0.01520916191},
{"learn":[725.4751716],"iteration":973,"passed_time":0.5487861681,"remaining_time":0.01464932276},
{"learn":[725.3118666],"iteration":974,"passed_time":0.549294373,"remaining_time":0.0140844711},
{"learn":[725.1868759],"iteration":975,"passed_time":0.5499647434,"remaining_time":0.0135237232},
{"learn":[725.0815332],"iteration":976,"passed_time":0.5505010314,"remaining_time":0.01295959439},
{"learn":[724.9957326],"iteration":977,"passed_time":0.5509356534,"remaining_time":0.01239323556},
{"learn":[724.7432801],"iteration":978,"passed_time":0.5514873997,"remaining_time":0.01182965822},
{"learn":[724.5710981],"iteration":979,"passed_time":0.5520319376,"remaining_time":0.01126595791},
{"learn":[724.4602982],"iteration":980,"passed_time":0.5527271412,"remaining_time":0.01070521476},
{"learn":[724.280214],"iteration":981,"passed_time":0.553534219,"remaining_time":0.01014624841},
{"learn":[724.1055054],"iteration":982,"passed_time":0.5541147151,"remaining_time":0.009582858755},
{"learn":[723.9891508],"iteration":983,"passed_time":0.5546434615,"remaining_time":0.009018592869},
{"learn":[723.8364361],"iteration":984,"passed_time":0.5552611239,"remaining_time":0.008455753156},
{"learn":[723.5966315],"iteration":985,"passed_time":0.5558454532,"remaining_time":0.007892328951},
{"learn":[723.2926969],"iteration":986,"passed_time":0.5565037404,"remaining_time":0.0073298365},
{"learn":[723.1429542],"iteration":987,"passed_time":0.5570954447,"remaining_time":0.006766341434},
{"learn":[723.0381934],"iteration":988,"passed_time":0.5576710241,"remaining_time":0.006202609975},
{"learn":[722.8546577],"iteration":989,"passed_time":0.5582339786,"remaining_time":0.005638727056},
{"learn":[722.6777843],"iteration":990,"passed_time":0.5586914338,"remaining_time":0.005073887895},
{"learn":[722.4315387],"iteration":991,"passed_time":0.5591798055,"remaining_time":0.00450951456},
{"learn":[722.2615755],"iteration":992,"passed_time":0.5598040929,"remaining_time":0.003946252417},
{"learn":[721.9747407],"iteration":993,"passed_time":0.5603098394,"remaining_time":0.003382151948},
{"learn":[721.8922817],"iteration":994,"passed_time":0.5609204186,"remaining_time":0.002818695571},
{"learn":[721.6262409],"iteration":995,"passed_time":0.5617754127,"remaining_time":0.002256126156},
{"learn":[721.3945058],"iteration":996,"passed_time":0.5624286166,"remaining_time":0.001692362939},
{"learn":[721.2794523],"iteration":997,"passed_time":0.5629321132,"remaining_time":0.001128120467},
{"learn":[721.0658557],"iteration":998,"passed_time":0.5634309431,"remaining_time":0.000563994938},
{"learn":[720.9015245],"iteration":999,"passed_time":0.5639259397,"remaining_time":0}
]}