{
"meta":{"test_sets":[],"test_metrics":[],"learn_metrics":[{"best_value":"Min","name":"Logloss"}],"launch_mode":"Train","parameters":"","iteration_count":1000,"learn_sets":["learn"],"name":"experiment"},
"iterations":[
{"learn":[0.6780368797],"iteration":0,"passed_time":0.0007164023501,"remaining_time":0.7156859477},
{"learn":[0.6670597753],"iteration":1,"passed_time":0.001150102016,"remaining_time":0.5739009062},
{"learn":[0.6576239799],"iteration":2,"passed_time":0.001606551228,"remaining_time":0.5339105248},
{"learn":[0.6439109553],"iteration":3,"passed_time":0.002081791731,"remaining_time":0.518366141},
{"learn":[0.6335031621],"iteration":4,"passed_time":0.002543032513,"remaining_time":0.5060634702},
{"learn":[0.6245795442],"iteration":5,"passed_time":0.003012856458,"remaining_time":0.4991298865},
{"learn":[0.6133456764],"iteration":6,"passed_time":0.003420931636,"remaining_time":0.4852835878},
{"learn":[0.6013535489],"iteration":7,"passed_time":0.003853547991,"remaining_time":0.4778399508},
{"learn":[0.5934466258],"iteration":8,"passed_time":0.00435332967,"remaining_time":0.479349967},
{"learn":[0.5846055356],"iteration":9,"passed_time":0.004819028696,"remaining_time":0.477083841},
{"learn":[0.5761371304],"iteration":10,"passed_time":0.005238103655,"remaining_time":0.4709531377},
{"learn":[0.5687076514],"iteration":11,"passed_time":0.005659678564,"remaining_time":0.4659802017},
{"learn":[0.5618100144],"iteration":12,"passed_time":0.006106586299,"remaining_time":0.4636308213},
{"learn":[0.5512223853],"iteration":13,"passed_time":0.006586326712,"remaining_time":0.4638655813},
{"learn":[0.5405392262],"iteration":14,"passed_time":0.006938903,"remaining_time":0.4556546303},
{"learn":[0.5331345543],"iteration":15,"passed_time":0.00732435363,"remaining_time":0.4504477482},
{"learn":[0.5275494247],"iteration":16,"passed_time":0.007736637058,"remaining_time":0.4473596604},
{"learn":[0.521445267],"iteration":17,"passed_time":0.008128462561,"remaining_time":0.4434527908},
{"learn":[0.5132742903],"iteration":18,"passed_time":0.00852582962,"remaining_time":0.4402020451},
{"learn":[0.5053591737],"iteration":19,"passed_time":0.008959529286,"remaining_time":0.439016935},
{"learn":[0.4984114671],"iteration":20,"passed_time":0.009407437002,"remaining_time":0.4385657536},
{"learn":[0.4913155632],"iteration":21,"passed_time":0.009801845786,"remaining_time":0.4357365991},
{"learn":[0.4850068427],"iteration":22,"passed_time":0.01023296217,"remaining_time":0.4346784366},
{"learn":[0.4781603745],"iteration":23,"passed_time":0.01068145321,"remaining_time":0.4343790971},
{"learn":[0.4704457118],"iteration":24,"passed_time":0.01109436162,"remaining_time":0.4326801033},
{"learn":[0.4642462561],"iteration":25,"passed_time":0.0115611023,"remaining_time":0.4330966783},
{"learn":[0.4595402297],"iteration":26,"passed_time":0.01196763584,"remaining_time":0.431278136},
{"learn":[0.4531667473],"iteration":27,"passed_time":0.01238141924,"remaining_time":0.4298121249},
{"learn":[0.44784779],"iteration":28,"passed_time":0.01283399353,"remaining_time":0.4297175073},
{"learn":[0.4417505958],"iteration":29,"passed_time":0.01326373494,"remaining_time":0.428860763},
{"learn":[0.4338496848],"iteration":30,"passed_time":0.01425763174,"remaining_time":0.4456659728},
{"learn":[0.4285619626],"iteration":31,"passed_time":0.01470216453,"remaining_time":0.4447404769},
{"learn":[0.423774981],"iteration":32,"passed_time":0.01519940459,"remaining_time":0.4453886132},
{"learn":[0.4179815319],"iteration":33,"passed_time":0.01567564507,"remaining_time":0.4453727394},
{"learn":[0.4144432736],"iteration":34,"passed_time":0.01619334306,"remaining_time":0.4464736015},
{"learn":[0.4090943953],"iteration":35,"passed_time":0.01666537529,"remaining_time":0.4462617162},
{"learn":[0.4019372644],"iteration":36,"passed_time":0.01706653394,"remaining_time":0.4441911402},
{"learn":[0.3959146551],"iteration":37,"passed_time":0.01752106653,"remaining_time":0.4435596315},
{"learn":[0.3895173565],"iteration":38,"passed_time":0.01801909824,"remaining_time":0.4440090617},
{"learn":[0.3856473208],"iteration":39,"passed_time":0.01847308917,"remaining_time":0.44335414},
{"learn":[0.3788647858],"iteration":40,"passed_time":0.01887878939,"remaining_time":0.4415794885},
{"learn":[0.3745151815],"iteration":41,"passed_time":0.01934994664,"remaining_time":0.4413630687},
{"learn":[0.3693997449],"iteration":42,"passed_time":0.01978127136,"remaining_time":0.4402482951},
{"learn":[0.3635259379],"iteration":43,"passed_time":0.02097978907,"remaining_time":0.4558335989},
{"learn":[0.360228871],"iteration":44,"passed_time":0.02140307228,"remaining_time":0.4542207562},
{"learn":[0.3569644],"iteration":45,"passed_time":0.02179906437,"remaining_time":0.4520936393},
{"learn":[0.3526459177],"iteration":46,"passed_time":0.02221672269,"remaining_time":0.4504795047},
{"learn":[0.3481321517],"iteration":47,"passed_time":0.02269537979,"remaining_time":0.4501250325},
{"learn":[0.3444525348],"iteration":48,"passed_time":0.02311666304,"remaining_time":0.4486519704},
{"learn":[0.3387577186],"iteration":49,"passed_time":0.02354182121,"remaining_time":0.4472946029},
{"learn":[0.3339494203],"iteration":50,"passed_time":0.02392431356,"remaining_time":0.4451798739},
{"learn":[0.3307088044],"iteration":51,"passed_time":0.02434309686,"remaining_time":0.4437933812},
{"learn":[0.3278861689],"iteration":52,"passed_time":0.02481021253,"remaining_time":0.4433070049},
{"learn":[0.3242427523],"iteration":53,"passed_time":0.02523041246,"remaining_time":0.4419994479},
{"learn":[0.3218890961],"iteration":54,"passed_time":0.02571640275,"remaining_time":0.4418545563},
{"learn":[0.3193131857],"iteration":55,"passed_time":0.02615806059,"remaining_time":0.4409501642},
{"learn":[0.3165987583],"iteration":56,"passed_time":0.02660750994,"remaining_time":0.4401909101},
{"learn":[0.3138876066],"iteration":57,"passed_time":0.02701571012,"remaining_time":0.4387723954},
{"learn":[0.3116410432],"iteration":58,"passed_time":0.02748890899,"remaining_time":0.4384248028},
{"learn":[0.3088072041],"iteration":59,"passed_time":0.02789748416,"remaining_time":0.4370605852},
{"learn":[0.3065542279],"iteration":60,"passed_time":0.02829718451,"remaining_time":0.4355910861},
{"learn":[0.3046473778],"iteration":61,"passed_time":0.02873984233,"remaining_time":0.4348060017},
{"learn":[0.3004143548],"iteration":62,"passed_time":0.02915908395,"remaining_time":0.4336835184},
{"learn":[0.2986204261],"iteration":63,"passed_time":0.02964611588,"remaining_time":0.4335744448},
{"learn":[0.29520743],"iteration":64,"passed_time":0.03006019094,"remaining_time":0.4324042851},
{"learn":[0.2927969551],"iteration":65,"passed_time":0.03050193212,"remaining_time":0.4316485545},
{"learn":[0.2894892981],"iteration":66,"passed_time":0.03091959044,"remaining_time":0.430566834},
{"learn":[0.287569193],"iteration":67,"passed_time":0.03132529066,"remaining_time":0.4293407485},
{"learn":[0.2848375841],"iteration":68,"passed_time":0.03170403309,"remaining_time":0.4277747074},
{"learn":[0.2820433984],"iteration":69,"passed_time":0.03209381697,"remaining_time":0.4263892826},
{"learn":[0.2791233982],"iteration":70,"passed_time":0.03260814003,"remaining_time":0.4266614378},
{"learn":[0.2748756131],"iteration":71,"passed_time":0.03300704872,"remaining_time":0.4254241835},
{"learn":[0.2736406984],"iteration":72,"passed_time":0.03343066525,"remaining_time":0.4245236533},
{"learn":[0.2711467208],"iteration":73,"passed_time":0.03388503117,"remaining_time":0.4240207955},
{"learn":[0.2684334936],"iteration":74,"passed_time":0.03424010741,"remaining_time":0.4222946581},
{"learn":[0.265847827],"iteration":75,"passed_time":0.03463893278,"remaining_time":0.4211364985},
{"learn":[0.2632805421],"iteration":76,"passed_time":0.03500230051,"remaining_time":0.4195730308},
{"learn":[0.2615092269],"iteration":77,"passed_time":0.03538137627,"remaining_time":0.4182260118},
{"learn":[0.2587733502],"iteration":78,"passed_time":0.03582474241,"remaining_time":0.4176530096},
{"learn":[0.2547561177],"iteration":79,"passed_time":0.03619977658,"remaining_time":0.4162974307},
{"learn":[0.2520218778],"iteration":80,"passed_time":0.03660972672,"remaining_time":0.4153622081},
{"learn":[0.2497676181],"iteration":81,"passed_time":0.03698167762,"remaining_time":0.414014391},
{"learn":[0.2477658792],"iteration":82,"passed_time":0.03741387732,"remaining_time":0.413355729},
{"learn":[0.245784019],"iteration":83,"passed_time":0.03790495084,"remaining_time":0.4133444639},
{"learn":[0.243980471],"iteration":84,"passed_time":0.03830760946,"remaining_time":0.4123701489},
{"learn":[0.2428897421],"iteration":85,"passed_time":0.03872968436,"remaining_time":0.4116154826},
{"learn":[0.2412401468],"iteration":86,"passed_time":0.03912855139,"remaining_time":0.4106249128},
{"learn":[0.2390848969],"iteration":87,"passed_time":0.03953866819,"remaining_time":0.4097643794},
{"learn":[0.2359571583],"iteration":88,"passed_time":0.03994886833,"remaining_time":0.4089148208},
{"learn":[0.234870797],"iteration":89,"passed_time":0.04042715044,"remaining_time":0.40876341},
{"learn":[0.2332477108],"iteration":90,"passed_time":0.04084614206,"remaining_time":0.4080125619},
{"learn":[0.2316986363],"iteration":91,"passed_time":0.04129100817,"remaining_time":0.4075242981},
{"learn":[0.2301875802],"iteration":92,"passed_time":0.0417151247,"remaining_time":0.4068346032},
{"learn":[0.2287172644],"iteration":93,"passed_time":0.04216674067,"remaining_time":0.4064156069},
{"learn":[0.2268822949],"iteration":94,"passed_time":0.04261314842,"remaining_time":0.4059463086},
{"learn":[0.225739759],"iteration":95,"passed_time":0.04307863912,"remaining_time":0.405657185},
{"learn":[0.2234826905],"iteration":96,"passed_time":0.04356092114,"remaining_time":0.4055207401},
{"learn":[0.2219535595],"iteration":97,"passed_time":0.04395957984,"remaining_time":0.4046075614},
{"learn":[0.2199426539],"iteration":98,"passed_time":0.04437786315,"remaining_time":0.4038833808},
{"learn":[0.2181331574],"iteration":99,"passed_time":0.04479293819,"remaining_time":0.4031364437},
{"learn":[0.2163248677],"iteration":100,"passed_time":0.04518068044,"remaining_time":0.4021527893},
{"learn":[0.2141672885],"iteration":101,"passed_time":0.04560142203,"remaining_time":0.401471343},
{"learn":[0.2128288722],"iteration":102,"passed_time":0.04606778771,"remaining_time":0.4011922872},
{"learn":[0.2116170353],"iteration":103,"passed_time":0.04654648648,"remaining_time":0.4010158835},
{"learn":[0.2101519384],"iteration":104,"passed_time":0.04697539458,"remaining_time":0.4004093157},
{"learn":[0.2080745306],"iteration":105,"passed_time":0.04746096821,"remaining_time":0.4002840149},
{"learn":[0.2069990424],"iteration":106,"passed_time":0.04783529406,"remaining_time":0.3992235289},
{"learn":[0.2053620906],"iteration":107,"passed_time":0.04825270238,"remaining_time":0.3985315789},
{"learn":[0.2042205094],"iteration":108,"passed_time":0.04871698477,"remaining_time":0.3982278297},
{"learn":[0.2031380037],"iteration":109,"passed_time":0.04913880968,"remaining_time":0.3975776419},
{"learn":[0.2013747939],"iteration":110,"passed_time":0.04954375992,"remaining_time":0.3967964195},
{"learn":[0.2008326372],"iteration":111,"passed_time":0.049940002,"remaining_time":0.395952873},
{"learn":[0.1998710587],"iteration":112,"passed_time":0.05039545123,"remaining_time":0.3955819933},
{"learn":[0.199041516],"iteration":113,"passed_time":0.05083935903,"remaining_time":0.3951199307},
{"learn":[0.1976451492],"iteration":114,"passed_time":0.05123435113,"remaining_time":0.3942817457},
{"learn":[0.1959855314],"iteration":115,"passed_time":0.05164784287,"remaining_time":0.3935921819},
{"learn":[0.1943204226],"iteration":116,"passed_time":0.05207050109,"remaining_time":0.3929765168},
{"learn":[0.1932184034],"iteration":117,"passed_time":0.05254211666,"remaining_time":0.3927300585},
{"learn":[0.1919188335],"iteration":118,"passed_time":0.05298860774,"remaining_time":0.3922938103},
{"learn":[0.1909532955],"iteration":119,"passed_time":0.05344472363,"remaining_time":0.3919279733},
{"learn":[0.1889288879],"iteration":120,"passed_time":0.05390821436,"remaining_time":0.3916142184},
{"learn":[0.1873019826],"iteration":121,"passed_time":0.05433728912,"remaining_time":0.3910503266},
{"learn":[0.1865673602],"iteration":122,"passed_time":0.05482482105,"remaining_time":0.3909054314},
{"learn":[0.1854138324],"iteration":123,"passed_time":0.05524468766,"remaining_time":0.390276987},
{"learn":[0.1842736623],"iteration":124,"passed_time":0.05561018035,"remaining_time":0.3892712625},
{"learn":[0.1827135537],"iteration":125,"passed_time":0.05607075448,"remaining_time":0.3889352335},
{"learn":[0.1810347716],"iteration":126,"passed_time":0.05648003797,"remaining_time":0.3882446704},
{"learn":[0.1798984599],"iteration":127,"passed_time":0.05690532114,"remaining_time":0.3876675002},
{"learn":[0.1788619537],"iteration":128,"passed_time":0.05737272846,"remaining_time":0.3873771046},
{"learn":[0.1777717213],"iteration":129,"passed_time":0.05779167842,"remaining_time":0.3867596941},
{"learn":[0.1768996394],"iteration":130,"passed_time":0.05824558602,"remaining_time":0.386377208},
{"learn":[0.1755341094],"iteration":131,"passed_time":0.05864570302,"remaining_time":0.3856399259},
{"learn":[0.1740534842],"iteration":132,"passed_time":0.05909336074,"remaining_time":0.3852176223},
{"learn":[0.1730084281],"iteration":133,"passed_time":0.05949451939,"remaining_time":0.3844944313},
{"learn":[0.1719620439],"iteration":134,"passed_time":0.05991905258,"remaining_time":0.3839257813},
{"learn":[0.171285468],"iteration":135,"passed_time":0.06030750315,"remaining_time":0.38313002},
{"learn":[0.1700593813],"iteration":136,"passed_time":0.06070807848,"remaining_time":0.3824165819},
{"learn":[0.1691193524],"iteration":137,"passed_time":0.06120294359,"remaining_time":0.3822966476},
{"learn":[0.1681481488],"iteration":138,"passed_time":0.06158043604,"remaining_time":0.3814442837},
{"learn":[0.167739158],"iteration":139,"passed_time":0.062016344,"remaining_time":0.3809575417},
{"learn":[0.1667470888],"iteration":140,"passed_time":0.06244758538,"remaining_time":0.3804430911},
{"learn":[0.1653668212],"iteration":141,"passed_time":0.06291332607,"remaining_time":0.380138266},
{"learn":[0.1645211088],"iteration":142,"passed_time":0.06333440099,"remaining_time":0.379563508},
{"learn":[0.1638355277],"iteration":143,"passed_time":0.0637392679,"remaining_time":0.378894537},
{"learn":[0.1624476311],"iteration":144,"passed_time":0.06427938211,"remaining_time":0.3790267014},
{"learn":[0.1614515726],"iteration":145,"passed_time":0.06471595672,"remaining_time":0.3785440208},
{"learn":[0.1604105186],"iteration":146,"passed_time":0.06511428209,"remaining_time":0.3778400178},
{"learn":[0.1596050156],"iteration":147,"passed_time":0.06551952399,"remaining_time":0.3771799624},
{"learn":[0.1588848959],"iteration":148,"passed_time":0.06591718271,"remaining_time":0.3764800167},
{"learn":[0.1584224267],"iteration":149,"passed_time":0.06647183829,"remaining_time":0.3766737503},
{"learn":[0.1579498122],"iteration":150,"passed_time":0.06693591235,"remaining_time":0.3763482754},
{"learn":[0.1575042564],"iteration":151,"passed_time":0.06738119512,"remaining_time":0.3759161412},
{"learn":[0.1559845826],"iteration":152,"passed_time":0.06789247657,"remaining_time":0.3758492004},
{"learn":[0.1549243425],"iteration":153,"passed_time":0.06833663436,"remaining_time":0.3754077446},
{"learn":[0.1544018957],"iteration":154,"passed_time":0.06883429108,"remaining_time":0.3752579094},
{"learn":[0.1536490704],"iteration":155,"passed_time":0.06926690744,"remaining_time":0.37475173},
{"learn":[0.1530747729],"iteration":156,"passed_time":0.06970594033,"remaining_time":0.3742809407},
{"learn":[0.1522858209],"iteration":157,"passed_time":0.07014176495,"remaining_time":0.3737934563},
{"learn":[0.1512827979],"iteration":158,"passed_time":0.07055821496,"remaining_time":0.3732041433},
{"learn":[0.1509219261],"iteration":159,"passed_time":0.07094116564,"remaining_time":0.3724411196},
{"learn":[0.1498121261],"iteration":160,"passed_time":0.07144044733,"remaining_time":0.3722890392},
{"learn":[0.1489539187],"iteration":161,"passed_time":0.07185198078,"remaining_time":0.3716787648},
{"learn":[0.1485524449],"iteration":162,"passed_time":0.07229993016,"remaining_time":0.3712579236},
{"learn":[0.1479850907],"iteration":163,"passed_time":0.07271221358,"remaining_time":0.3706549424},
{"learn":[0.1472959155],"iteration":164,"passed_time":0.07322661997,"remaining_time":0.3705710768},
{"learn":[0.146616806],"iteration":165,"passed_time":0.07362144541,"remaining_time":0.3698812378},
{"learn":[0.1460356081],"iteration":166,"passed_time":0.0740540201,"remaining_time":0.369383226},
{"learn":[0.1454578954],"iteration":167,"passed_time":0.07451576088,"remaining_time":0.3690304348},
{"learn":[0.1443783558],"iteration":168,"passed_time":0.07494141904,"remaining_time":0.3684989303},
{"learn":[0.1438360175],"iteration":169,"passed_time":0.07537595202,"remaining_time":0.368012001},
{"learn":[0.1434386],"iteration":170,"passed_time":0.07582848464,"remaining_time":0.367612946},
{"learn":[0.1428098335],"iteration":171,"passed_time":0.07628785046,"remaining_time":0.3672461639},
{"learn":[0.1422832806],"iteration":172,"passed_time":0.07673046662,"remaining_time":0.3667982422},
{"learn":[0.1414695909],"iteration":173,"passed_time":0.07816981285,"remaining_time":0.3710819852},
{"learn":[0.1407563659],"iteration":174,"passed_time":0.07861063738,"remaining_time":0.3705930048},
{"learn":[0.1404445621],"iteration":175,"passed_time":0.07905167023,"remaining_time":0.370105547},
{"learn":[0.1400261191],"iteration":176,"passed_time":0.08075596951,"remaining_time":0.3754924458},
{"learn":[0.139624718],"iteration":177,"passed_time":0.08121354369,"remaining_time":0.3750423198},
{"learn":[0.1390299492],"iteration":178,"passed_time":0.08169332577,"remaining_time":0.374693969},
{"learn":[0.1386614698],"iteration":179,"passed_time":0.08206286005,"remaining_time":0.373841918},
{"learn":[0.1384652655],"iteration":180,"passed_time":0.08247506015,"remaining_time":0.3731882556},
{"learn":[0.1379278161],"iteration":181,"passed_time":0.08290992646,"remaining_time":0.37263912},
{"learn":[0.137547084],"iteration":182,"passed_time":0.08326125277,"remaining_time":0.3717182706},
{"learn":[0.1370563606],"iteration":183,"passed_time":0.08365616155,"remaining_time":0.3709968903},
{"learn":[0.1362470656],"iteration":184,"passed_time":0.08406223677,"remaining_time":0.3703282322},
{"learn":[0.1353852262],"iteration":185,"passed_time":0.08455718521,"remaining_time":0.3700513374},
{"learn":[0.1349828034],"iteration":186,"passed_time":0.08504259217,"remaining_time":0.369730628},
{"learn":[0.1345826285],"iteration":187,"passed_time":0.08546537539,"remaining_time":0.3691376852},
{"learn":[0.1342466128],"iteration":188,"passed_time":0.08587253392,"remaining_time":0.3684794974},
{"learn":[0.1336459728],"iteration":189,"passed_time":0.08633885794,"remaining_time":0.3680761838},
{"learn":[0.1331469634],"iteration":190,"passed_time":0.08677168262,"remaining_time":0.3675303206},
{"learn":[0.1327154754],"iteration":191,"passed_time":0.08721879869,"remaining_time":0.3670457778},
{"learn":[0.1324049093],"iteration":192,"passed_time":0.08759312454,"remaining_time":0.3662572617},
{"learn":[0.1321272766],"iteration":193,"passed_time":0.08803244909,"remaining_time":0.3657430617},
{"learn":[0.1317363176],"iteration":194,"passed_time":0.08844056594,"remaining_time":0.3651007978},
{"learn":[0.1309715883],"iteration":195,"passed_time":0.08884372455,"remaining_time":0.3644405844},
{"learn":[0.1303909773],"iteration":196,"passed_time":0.08928842399,"remaining_time":0.3639523069},
{"learn":[0.1297504702],"iteration":197,"passed_time":0.08966708309,"remaining_time":0.3631969729},
{"learn":[0.1289582958],"iteration":198,"passed_time":0.09007095002,"remaining_time":0.3625468893},
{"learn":[0.1282836932],"iteration":199,"passed_time":0.09050656632,"remaining_time":0.3620262653},
{"learn":[0.1278390512],"iteration":200,"passed_time":0.09089272527,"remaining_time":0.361309888},
{"learn":[0.1271505698],"iteration":201,"passed_time":0.09131700845,"remaining_time":0.3607473898},
{"learn":[0.12664039],"iteration":202,"passed_time":0.0917751243,"remaining_time":0.3603190841},
{"learn":[0.126232628],"iteration":203,"passed_time":0.09221940709,"remaining_time":0.35983651},
{"learn":[0.1257535958],"iteration":204,"passed_time":0.0927391467,"remaining_time":0.3596469348},
{"learn":[0.1256582753],"iteration":205,"passed_time":0.09303297416,"remaining_time":0.3585834053},
{"learn":[0.1251661674],"iteration":206,"passed_time":0.09348000689,"remaining_time":0.3581142293},
{"learn":[0.1246024434],"iteration":207,"passed_time":0.0939165815,"remaining_time":0.357605445},
{"learn":[0.1241613868],"iteration":208,"passed_time":0.09435953098,"remaining_time":0.3571214785},
{"learn":[0.1238694226],"iteration":209,"passed_time":0.09475177315,"remaining_time":0.3564471466},
{"learn":[0.1235079706],"iteration":210,"passed_time":0.09523943007,"remaining_time":0.3561322764},
{"learn":[0.1231979674],"iteration":211,"passed_time":0.09564858856,"remaining_time":0.355523999},
{"learn":[0.1227564821],"iteration":212,"passed_time":0.09608674647,"remaining_time":0.3550247393},
{"learn":[0.1223940355],"iteration":213,"passed_time":0.09651332128,"remaining_time":0.3544835071},
{"learn":[0.1217241389],"iteration":214,"passed_time":0.09693510451,"remaining_time":0.3539258467},
{"learn":[0.1210353589],"iteration":215,"passed_time":0.09736147099,"remaining_time":0.3533860799},
{"learn":[0.1206983204],"iteration":216,"passed_time":0.09785404448,"remaining_time":0.3530862527},
{"learn":[0.1201641472],"iteration":217,"passed_time":0.09828795248,"remaining_time":0.3525742149},
{"learn":[0.1198663599],"iteration":218,"passed_time":0.09859940459,"remaining_time":0.3516261871},
{"learn":[0.1194630222],"iteration":219,"passed_time":0.09895031424,"remaining_time":0.3508238414},
{"learn":[0.1193936301],"iteration":220,"passed_time":0.09920630913,"remaining_time":0.3496910172},
{"learn":[0.118971648],"iteration":221,"passed_time":0.09961150936,"remaining_time":0.3490889833},
{"learn":[0.1184345465],"iteration":222,"passed_time":0.1000354176,"remaining_time":0.3485538988},
{"learn":[0.1179392842],"iteration":223,"passed_time":0.1005296993,"remaining_time":0.3482636013},
{"learn":[0.1174351878],"iteration":224,"passed_time":0.1009763571,"remaining_time":0.3478074522},
{"learn":[0.1172196987],"iteration":225,"passed_time":0.1014594724,"remaining_time":0.3474762463},
{"learn":[0.1168654788],"iteration":226,"passed_time":0.1018958387,"remaining_time":0.346984508},
{"learn":[0.1164101554],"iteration":227,"passed_time":0.1023038722,"remaining_time":0.3463973217},
{"learn":[0.1160735214],"iteration":228,"passed_time":0.1027719045,"remaining_time":0.3460137048},
{"learn":[0.1156664797],"iteration":229,"passed_time":0.1032071875,"remaining_time":0.3455197147},
{"learn":[0.1155099989],"iteration":230,"passed_time":0.1036793864,"remaining_time":0.3451491262},
{"learn":[0.1151671805],"iteration":231,"passed_time":0.1041165027,"remaining_time":0.3446615261},
{"learn":[0.1147444032],"iteration":232,"passed_time":0.1045359526,"remaining_time":0.3441162045},
{"learn":[0.1142171581],"iteration":233,"passed_time":0.105019068,"remaining_time":0.3437803678},
{"learn":[0.1136837129],"iteration":234,"passed_time":0.105484392,"remaining_time":0.3433853612},
{"learn":[0.1133874937],"iteration":235,"passed_time":0.1058943005,"remaining_time":0.3428103626},
{"learn":[0.1128824709],"iteration":236,"passed_time":0.1063370833,"remaining_time":0.342342593},
{"learn":[0.1125820557],"iteration":237,"passed_time":0.1067487834,"remaining_time":0.3417755166},
{"learn":[0.1120907707],"iteration":238,"passed_time":0.1071502337,"remaining_time":0.341177104},
{"learn":[0.1117932781],"iteration":239,"passed_time":0.107550184,"remaining_time":0.3405755828},
{"learn":[0.1114854033],"iteration":240,"passed_time":0.108021633,"remaining_time":0.3402009104},
{"learn":[0.1109906164],"iteration":241,"passed_time":0.1087480768,"remaining_time":0.3406241413},
{"learn":[0.1104345226],"iteration":242,"passed_time":0.109205651,"remaining_time":0.3402003201},
{"learn":[0.1099590136],"iteration":243,"passed_time":0.1096368923,"remaining_time":0.3396946337},
{"learn":[0.1094002871],"iteration":244,"passed_time":0.1100483425,"remaining_time":0.3391285655},
{"learn":[0.1091434895],"iteration":245,"passed_time":0.1104622925,"remaining_time":0.3385714169},
{"learn":[0.1088929651],"iteration":246,"passed_time":0.1108761592,"remaining_time":0.3380151737},
{"learn":[0.1083181504],"iteration":247,"passed_time":0.1113912323,"remaining_time":0.3377669624},
{"learn":[0.1080490932],"iteration":248,"passed_time":0.1118175988,"remaining_time":0.337249063},
{"learn":[0.1077316888],"iteration":249,"passed_time":0.1122745063,"remaining_time":0.3368235189},
{"learn":[0.107416027],"iteration":250,"passed_time":0.1126988728,"remaining_time":0.3363006205},
{"learn":[0.1071980653],"iteration":251,"passed_time":0.1131502388,"remaining_time":0.3358586453},
{"learn":[0.1071391784],"iteration":252,"passed_time":0.1133999838,"remaining_time":0.3348212961},
{"learn":[0.106849284],"iteration":253,"passed_time":0.113808559,"remaining_time":0.3342566339},
{"learn":[0.1064827621],"iteration":254,"passed_time":0.1141969679,"remaining_time":0.3336342787},
{"learn":[0.1062972915],"iteration":255,"passed_time":0.1146671668,"remaining_time":0.3332514536},
{"learn":[0.106232903],"iteration":256,"passed_time":0.1151548237,"remaining_time":0.3329184204},
{"learn":[0.1059404979],"iteration":257,"passed_time":0.1155558991,"remaining_time":0.3323351826},
{"learn":[0.1055256666],"iteration":258,"passed_time":0.1159241417,"remaining_time":0.331659417},
{"learn":[0.1050516899],"iteration":259,"passed_time":0.1163476749,"remaining_time":0.3311433824},
{"learn":[0.1047910255],"iteration":260,"passed_time":0.1167285006,"remaining_time":0.330507134},
{"learn":[0.1046227784],"iteration":261,"passed_time":0.1170971183,"remaining_time":0.3298384476},
{"learn":[0.1044230723],"iteration":262,"passed_time":0.1175303596,"remaining_time":0.329353137},
{"learn":[0.1041348042],"iteration":263,"passed_time":0.1179273933,"remaining_time":0.3287672784},
{"learn":[0.103876689],"iteration":264,"passed_time":0.1183769677,"remaining_time":0.3283285708},
{"learn":[0.1034493703],"iteration":265,"passed_time":0.1187940427,"remaining_time":0.3278001027},
{"learn":[0.1030341225],"iteration":266,"passed_time":0.1192506586,"remaining_time":0.3273810214},
{"learn":[0.1027496724],"iteration":267,"passed_time":0.1196662753,"remaining_time":0.3268496772},
{"learn":[0.1023691692],"iteration":268,"passed_time":0.1201205162,"remaining_time":0.3264241536},
{"learn":[0.1021788141],"iteration":269,"passed_time":0.1205365495,"remaining_time":0.3258951154},
{"learn":[0.1019068214],"iteration":270,"passed_time":0.1209695409,"remaining_time":0.3254125288},
{"learn":[0.1015097006],"iteration":271,"passed_time":0.1213457,"remaining_time":0.3247781971},
{"learn":[0.1011035803],"iteration":272,"passed_time":0.1217645667,"remaining_time":0.324259487},
{"learn":[0.1010226019],"iteration":273,"passed_time":0.1220087284,"remaining_time":0.3232786016},
{"learn":[0.1007751903],"iteration":274,"passed_time":0.122398429,"remaining_time":0.3226867673},
{"learn":[0.1004091675],"iteration":275,"passed_time":0.1228668363,"remaining_time":0.3223028604},
{"learn":[0.100023577],"iteration":276,"passed_time":0.1233114524,"remaining_time":0.3218562458},
{"learn":[0.09982453474],"iteration":277,"passed_time":0.1237196109,"remaining_time":0.3213149607},
{"learn":[0.09956102646],"iteration":278,"passed_time":0.1241316027,"remaining_time":0.320784536},
{"learn":[0.09929282779],"iteration":279,"passed_time":0.1245464694,"remaining_time":0.3202623499},
{"learn":[0.09912364283],"iteration":280,"passed_time":0.124964461,"remaining_time":0.3197489234},
{"learn":[0.09863521737],"iteration":281,"passed_time":0.1254017023,"remaining_time":0.3192851853},
{"learn":[0.0982312345],"iteration":282,"passed_time":0.1257939028,"remaining_time":0.3187075205},
{"learn":[0.09776545298],"iteration":283,"passed_time":0.126185145,"remaining_time":0.3181287458},
{"learn":[0.09756302362],"iteration":284,"passed_time":0.126586137,"remaining_time":0.3175757471},
{"learn":[0.09739010044],"iteration":285,"passed_time":0.1270038786,"remaining_time":0.317065627},
{"learn":[0.09698310345],"iteration":286,"passed_time":0.1273820794,"remaining_time":0.3164579185},
{"learn":[0.09680351774],"iteration":287,"passed_time":0.1278100708,"remaining_time":0.3159748974},
{"learn":[0.09661549819],"iteration":288,"passed_time":0.1282099795,"remaining_time":0.3154231676},
{"learn":[0.0961836408],"iteration":289,"passed_time":0.128618013,"remaining_time":0.3148923767},
{"learn":[0.0959778639],"iteration":290,"passed_time":0.1290857953,"remaining_time":0.3145080031},
{"learn":[0.09575255897],"iteration":291,"passed_time":0.1294605379,"remaining_time":0.3138974685},
{"learn":[0.09552628477],"iteration":292,"passed_time":0.1305487661,"remaining_time":0.3150101626},
{"learn":[0.09538650374],"iteration":293,"passed_time":0.1309995071,"remaining_time":0.3145770477},
{"learn":[0.09509489679],"iteration":294,"passed_time":0.1315140385,"remaining_time":0.3142962615},
{"learn":[0.09496831923],"iteration":295,"passed_time":0.1319035724,"remaining_time":0.3137166046},
{"learn":[0.09479124015],"iteration":296,"passed_time":0.1322823981,"remaining_time":0.3131128818},
{"learn":[0.0946007656],"iteration":297,"passed_time":0.1326947232,"remaining_time":0.3125895829},
{"learn":[0.09432289299],"iteration":298,"passed_time":0.133074799,"remaining_time":0.3119914183},
{"learn":[0.09420575576],"iteration":299,"passed_time":0.1334851658,"remaining_time":0.3114653868},
{"learn":[0.09385481644],"iteration":300,"passed_time":0.1339079906,"remaining_time":0.3109690547},
{"learn":[0.09368697693],"iteration":301,"passed_time":0.1342985662,"remaining_time":0.3103986728},
{"learn":[0.09339749866],"iteration":302,"passed_time":0.1346733087,"remaining_time":0.3097930566},
{"learn":[0.09310329051],"iteration":303,"passed_time":0.135074134,"remaining_time":0.3092486752},
{"learn":[0.09291257069],"iteration":304,"passed_time":0.13552475,"remaining_time":0.3088186926},
{"learn":[0.09267411965],"iteration":305,"passed_time":0.1359696578,"remaining_time":0.3083756291},
{"learn":[0.09249981476],"iteration":306,"passed_time":0.1364501065,"remaining_time":0.3080127812},
{"learn":[0.09227040425],"iteration":307,"passed_time":0.1368790563,"remaining_time":0.3075334641},
{"learn":[0.0920343848],"iteration":308,"passed_time":0.1373114226,"remaining_time":0.3070621134},
{"learn":[0.09188704195],"iteration":309,"passed_time":0.1377324559,"remaining_time":0.3065657889},
{"learn":[0.0916620551],"iteration":310,"passed_time":0.1381398227,"remaining_time":0.3060396716},
{"learn":[0.09135693987],"iteration":311,"passed_time":0.1385675225,"remaining_time":0.3055591522},
{"learn":[0.09112872011],"iteration":312,"passed_time":0.1390058054,"remaining_time":0.3051021992},
{"learn":[0.09086387967],"iteration":313,"passed_time":0.1394655046,"remaining_time":0.3046921533},
{"learn":[0.09050923529],"iteration":314,"passed_time":0.1398724965,"remaining_time":0.3041671748},
{"learn":[0.09037873491],"iteration":315,"passed_time":0.1402860715,"remaining_time":0.3036571928},
{"learn":[0.09005027362],"iteration":316,"passed_time":0.1406880218,"remaining_time":0.3031227726},
{"learn":[0.08969787316],"iteration":317,"passed_time":0.1411168466,"remaining_time":0.3026468219},
{"learn":[0.08931671425],"iteration":318,"passed_time":0.1415465463,"remaining_time":0.3021730346},
{"learn":[0.08921819077],"iteration":319,"passed_time":0.1419524549,"remaining_time":0.3016489666},
{"learn":[0.08898527132],"iteration":320,"passed_time":0.1424944024,"remaining_time":0.3014133932},
{"learn":[0.08880699312],"iteration":321,"passed_time":0.1430801407,"remaining_time":0.3012681223},
{"learn":[0.08862026488],"iteration":322,"passed_time":0.1434955074,"remaining_time":0.3007630294},
{"learn":[0.08851565954],"iteration":323,"passed_time":0.1439745811,"remaining_time":0.30039141},
{"learn":[0.08840507588],"iteration":324,"passed_time":0.1444539882,"remaining_time":0.3000198217},
{"learn":[0.0882248535],"iteration":325,"passed_time":0.1449140624,"remaining_time":0.2996076013},
{"learn":[0.08781160272],"iteration":326,"passed_time":0.1453336373,"remaining_time":0.2991117367},
{"learn":[0.08749718273],"iteration":327,"passed_time":0.1457231712,"remaining_time":0.2985547898},
{"learn":[0.08736046747],"iteration":328,"passed_time":0.1461711622,"remaining_time":0.2981180847},
{"learn":[0.08705850282],"iteration":329,"passed_time":0.1465578629,"remaining_time":0.2975568731},
{"learn":[0.08692891305],"iteration":330,"passed_time":0.1469808544,"remaining_time":0.2970700652},
{"learn":[0.08671377851],"iteration":331,"passed_time":0.1473863046,"remaining_time":0.2965483479},
{"learn":[0.08648198691],"iteration":332,"passed_time":0.1477925048,"remaining_time":0.296028831},
{"learn":[0.08613864176],"iteration":333,"passed_time":0.1482022467,"remaining_time":0.2955170547},
{"learn":[0.08582739601],"iteration":334,"passed_time":0.1486476544,"remaining_time":0.2950766871},
{"learn":[0.08560120786],"iteration":335,"passed_time":0.149050813,"remaining_time":0.2945527972},
{"learn":[0.08547808724],"iteration":336,"passed_time":0.1495658444,"remaining_time":0.2942497176},
{"learn":[0.08534639402],"iteration":337,"passed_time":0.1500009607,"remaining_time":0.2937888639},
{"learn":[0.08507925074],"iteration":338,"passed_time":0.1503926612,"remaining_time":0.2932435076},
{"learn":[0.08492657103],"iteration":339,"passed_time":0.150838819,"remaining_time":0.2928047662},
{"learn":[0.08467200619],"iteration":340,"passed_time":0.1512810185,"remaining_time":0.2923583319},
{"learn":[0.08441311303],"iteration":341,"passed_time":0.1517588422,"remaining_time":0.2919804626},
{"learn":[0.08420620038],"iteration":342,"passed_time":0.1521947919,"remaining_time":0.2915218025},
{"learn":[0.08401184186],"iteration":343,"passed_time":0.1526049503,"remaining_time":0.2910140913},
{"learn":[0.08371863689],"iteration":344,"passed_time":0.1530431083,"remaining_time":0.2905601041},
{"learn":[0.08355022242],"iteration":345,"passed_time":0.1534596416,"remaining_time":0.2900653341},
{"learn":[0.08326908244],"iteration":346,"passed_time":0.1538623002,"remaining_time":0.289544905},
{"learn":[0.08303888629],"iteration":347,"passed_time":0.1542957499,"remaining_time":0.2890828417},
{"learn":[0.08280730873],"iteration":348,"passed_time":0.1547026584,"remaining_time":0.2885714345},
{"learn":[0.08269517552],"iteration":349,"passed_time":0.155138233,"remaining_time":0.2881138614},
{"learn":[0.08257661715],"iteration":350,"passed_time":0.1555849325,"remaining_time":0.2876769834},
{"learn":[0.08243562174],"iteration":351,"passed_time":0.1559800079,"remaining_time":0.2871450145},
{"learn":[0.08230011266],"iteration":352,"passed_time":0.1563777499,"remaining_time":0.2866187088},
{"learn":[0.08213945353],"iteration":353,"passed_time":0.1575818509,"remaining_time":0.2875646205},
{"learn":[0.08190200459],"iteration":354,"passed_time":0.1580020508,"remaining_time":0.2870741487},
{"learn":[0.08178417351],"iteration":355,"passed_time":0.1584209174,"remaining_time":0.2865816597},
{"learn":[0.08161233322],"iteration":356,"passed_time":0.1588521172,"remaining_time":0.2861117965},
{"learn":[0.0813375892],"iteration":357,"passed_time":0.1592681505,"remaining_time":0.2856149515},
{"learn":[0.081150072],"iteration":358,"passed_time":0.1596439347,"remaining_time":0.2850466912},
{"learn":[0.08110494732],"iteration":359,"passed_time":0.1599418871,"remaining_time":0.2843411325},
{"learn":[0.08096444871],"iteration":360,"passed_time":0.1603580454,"remaining_time":0.2838470665},
{"learn":[0.0807649126],"iteration":361,"passed_time":0.1607553708,"remaining_time":0.2833202391},
{"learn":[0.08072337817],"iteration":362,"passed_time":0.1610288653,"remaining_time":0.2825768243},
{"learn":[0.08059408091],"iteration":363,"passed_time":0.1614765647,"remaining_time":0.2821403713},
{"learn":[0.08032204902],"iteration":364,"passed_time":0.1619373472,"remaining_time":0.2817266177},
{"learn":[0.08018239622],"iteration":365,"passed_time":0.1623612137,"remaining_time":0.2812486598},
{"learn":[0.08002686355],"iteration":366,"passed_time":0.1627273314,"remaining_time":0.2806713917},
{"learn":[0.07971983583],"iteration":367,"passed_time":0.1639348489,"remaining_time":0.281540284},
{"learn":[0.07951040149],"iteration":368,"passed_time":0.164415006,"remaining_time":0.2811541159},
{"learn":[0.07936499128],"iteration":369,"passed_time":0.1648682469,"remaining_time":0.2807216097},
{"learn":[0.07924123066],"iteration":370,"passed_time":0.1652249481,"remaining_time":0.2801253164},
{"learn":[0.07910303586],"iteration":371,"passed_time":0.1656193153,"remaining_time":0.2795938978},
{"learn":[0.07903845545],"iteration":372,"passed_time":0.1661014306,"remaining_time":0.2792107158},
{"learn":[0.07881752494],"iteration":373,"passed_time":0.1665066725,"remaining_time":0.2786983342},
{"learn":[0.07864552131],"iteration":374,"passed_time":0.1669882046,"remaining_time":0.2783136743},
{"learn":[0.07835944266],"iteration":375,"passed_time":0.16746932,"remaining_time":0.2779278076},
{"learn":[0.07804945753],"iteration":376,"passed_time":0.1678594372,"remaining_time":0.2773910593},
{"learn":[0.07793197655],"iteration":377,"passed_time":0.1683238029,"remaining_time":0.2769772629},
{"learn":[0.07784429377],"iteration":378,"passed_time":0.1687597942,"remaining_time":0.2765167076},
{"learn":[0.07774255626],"iteration":379,"passed_time":0.1692698256,"remaining_time":0.2761770839},
{"learn":[0.0776342023],"iteration":380,"passed_time":0.1697277332,"remaining_time":0.2757518814},
{"learn":[0.07753149614],"iteration":381,"passed_time":0.1701581412,"remaining_time":0.275282019},
{"learn":[0.07725527697],"iteration":382,"passed_time":0.1705354254,"remaining_time":0.2747267818},
{"learn":[0.07718644052],"iteration":383,"passed_time":0.1709854997,"remaining_time":0.2742892391},
{"learn":[0.0769673635],"iteration":384,"passed_time":0.1714093662,"remaining_time":0.2738097668},
{"learn":[0.07682249615],"iteration":385,"passed_time":0.1718148165,"remaining_time":0.2733012883},
{"learn":[0.07650147295],"iteration":386,"passed_time":0.1722560576,"remaining_time":0.2728500344},
{"learn":[0.07630434596],"iteration":387,"passed_time":0.1726467165,"remaining_time":0.2723190477},
{"learn":[0.07616585836],"iteration":388,"passed_time":0.1730664998,"remaining_time":0.2718345279},
{"learn":[0.07597856054],"iteration":389,"passed_time":0.1739022331,"remaining_time":0.2720009286},
{"learn":[0.07592495965],"iteration":390,"passed_time":0.1743615989,"remaining_time":0.2715759942},
{"learn":[0.07579192891],"iteration":391,"passed_time":0.1747538411,"remaining_time":0.2710467739},
{"learn":[0.07564170949],"iteration":392,"passed_time":0.1751512498,"remaining_time":0.2705262306},
{"learn":[0.07546039439],"iteration":393,"passed_time":0.1755949076,"remaining_time":0.2700774467},
{"learn":[0.07531602601],"iteration":394,"passed_time":0.1760350654,"remaining_time":0.2696233281},
{"learn":[0.07521278151],"iteration":395,"passed_time":0.1764325158,"remaining_time":0.2691041403},
{"learn":[0.07496916646],"iteration":396,"passed_time":0.1768808819,"remaining_time":0.2686629012},
{"learn":[0.0747405377],"iteration":397,"passed_time":0.1773387894,"remaining_time":0.2682360583},
{"learn":[0.07460879901],"iteration":398,"passed_time":0.1777363231,"remaining_time":0.2677181208},
{"learn":[0.07432768584],"iteration":399,"passed_time":0.1781578147,"remaining_time":0.267236722},
{"learn":[0.0741805369],"iteration":400,"passed_time":0.1786212638,"remaining_time":0.2668182967},
{"learn":[0.07406280383],"iteration":401,"passed_time":0.1789255077,"remaining_time":0.2661628199},
{"learn":[0.073879838],"iteration":402,"passed_time":0.1793614156,"remaining_time":0.2657041319},
{"learn":[0.07375027214],"iteration":403,"passed_time":0.1798702805,"remaining_time":0.265353186},
{"learn":[0.07363778936],"iteration":404,"passed_time":0.1802951886,"remaining_time":0.2648781167},
{"learn":[0.07341107568],"iteration":405,"passed_time":0.1807345132,"remaining_time":0.2644243863},
{"learn":[0.07326181857],"iteration":406,"passed_time":0.18122692,"remaining_time":0.2640480678},
{"learn":[0.07295119366],"iteration":407,"passed_time":0.1816327036,"remaining_time":0.2635454915},
{"learn":[0.07283150952],"iteration":408,"passed_time":0.1820761531,"remaining_time":0.2630978153},
{"learn":[0.07265217665],"iteration":409,"passed_time":0.182493978,"remaining_time":0.2626132855},
{"learn":[0.07255492173],"iteration":410,"passed_time":0.1829298443,"remaining_time":0.2621549351},
{"learn":[0.07233414478],"iteration":411,"passed_time":0.1833883768,"remaining_time":0.2617290427},
{"learn":[0.0720860122],"iteration":412,"passed_time":0.1837822856,"remaining_time":0.261211142},
{"learn":[0.07195304003],"iteration":413,"passed_time":0.1841892775,"remaining_time":0.260712359},
{"learn":[0.07187648116],"iteration":414,"passed_time":0.1845953527,"remaining_time":0.2602127261},
{"learn":[0.07172500776],"iteration":415,"passed_time":0.1850380939,"remaining_time":0.2597650164},
{"learn":[0.07159387635],"iteration":416,"passed_time":0.1854534189,"remaining_time":0.2592790005},
{"learn":[0.07137731875],"iteration":417,"passed_time":0.185864994,"remaining_time":0.2587881017},
{"learn":[0.07125399482],"iteration":418,"passed_time":0.1863182766,"remaining_time":0.2583554146},
{"learn":[0.07098740796],"iteration":419,"passed_time":0.1867357683,"remaining_time":0.2578732038},
{"learn":[0.07086379746],"iteration":420,"passed_time":0.1872055089,"remaining_time":0.2574631583},
{"learn":[0.07069343304],"iteration":421,"passed_time":0.1876789161,"remaining_time":0.2570578519},
{"learn":[0.07054876577],"iteration":422,"passed_time":0.1881086575,"remaining_time":0.2565926605},
{"learn":[0.07046768813],"iteration":423,"passed_time":0.1884957331,"remaining_time":0.2560696752},
{"learn":[0.07034614995],"iteration":424,"passed_time":0.1889063082,"remaining_time":0.2555791229},
{"learn":[0.07016959961],"iteration":425,"passed_time":0.1893627158,"remaining_time":0.2551507015},
{"learn":[0.07008521201],"iteration":426,"passed_time":0.1899084132,"remaining_time":0.254841969},
{"learn":[0.06991052362],"iteration":427,"passed_time":0.1903206133,"remaining_time":0.2543537168},
{"learn":[0.06973849847],"iteration":428,"passed_time":0.1907421049,"remaining_time":0.2538781862},
{"learn":[0.06963794041],"iteration":429,"passed_time":0.1912284702,"remaining_time":0.2534889023},
{"learn":[0.06957059245],"iteration":430,"passed_time":0.1916395036,"remaining_time":0.2529997159},
{"learn":[0.06948264752],"iteration":431,"passed_time":0.1920419539,"remaining_time":0.2524996061},
{"learn":[0.06933175429],"iteration":432,"passed_time":0.1924966948,"remaining_time":0.2520684202},
{"learn":[0.06910125701],"iteration":433,"passed_time":0.1930919746,"remaining_time":0.2518204092},
{"learn":[0.06881915084],"iteration":434,"passed_time":0.1934715087,"remaining_time":0.2512905802},
{"learn":[0.06873388653],"iteration":435,"passed_time":0.1939117499,"remaining_time":0.25083997},
{"learn":[0.06869607802],"iteration":436,"passed_time":0.1943519911,"remaining_time":0.2503894073},
{"learn":[0.06860948531],"iteration":437,"passed_time":0.1947320251,"remaining_time":0.2498616396},
{"learn":[0.06837963283],"iteration":438,"passed_time":0.1952143488,"remaining_time":0.2494652613},
{"learn":[0.06826133645],"iteration":439,"passed_time":0.195638382,"remaining_time":0.2489943044},
{"learn":[0.06815619445],"iteration":440,"passed_time":0.1960281242,"remaining_time":0.248480094},
{"learn":[0.06794157252],"iteration":441,"passed_time":0.1964172415,"remaining_time":0.2479656578},
{"learn":[0.06773472289],"iteration":442,"passed_time":0.1967833591,"remaining_time":0.2474228692},
{"learn":[0.06770432601],"iteration":443,"passed_time":0.1972299336,"remaining_time":0.2469816285},
{"learn":[0.06753435335],"iteration":444,"passed_time":0.1976177175,"remaining_time":0.2464670409},
{"learn":[0.067436252],"iteration":445,"passed_time":0.1980352508,"remaining_time":0.2459899752},
{"learn":[0.06738047354],"iteration":446,"passed_time":0.1984553257,"remaining_time":0.2455163202},
{"learn":[0.06721565906],"iteration":447,"passed_time":0.1988141519,"remaining_time":0.2449674372},
{"learn":[0.06711344254],"iteration":448,"passed_time":0.1992192271,"remaining_time":0.2444761562},
{"learn":[0.06697537509],"iteration":449,"passed_time":0.199609261,"remaining_time":0.2439668746},
{"learn":[0.06681679194],"iteration":450,"passed_time":0.2000066697,"remaining_time":0.2434670991},
{"learn":[0.06671543234],"iteration":451,"passed_time":0.2003844538,"remaining_time":0.2429439839},
{"learn":[0.06661846627],"iteration":452,"passed_time":0.2008446113,"remaining_time":0.2425209766},
{"learn":[0.0664890676],"iteration":453,"passed_time":0.2012853942,"remaining_time":0.2420745049},
{"learn":[0.06637146471],"iteration":454,"passed_time":0.2016983026,"remaining_time":0.2415946701},
{"learn":[0.06630984306],"iteration":455,"passed_time":0.2021267107,"remaining_time":0.2411336198},
{"learn":[0.06608908033],"iteration":456,"passed_time":0.2025937014,"remaining_time":0.2407185555},
{"learn":[0.06593724414],"iteration":457,"passed_time":0.2030069431,"remaining_time":0.2402396576},
{"learn":[0.06588505609],"iteration":458,"passed_time":0.203396227,"remaining_time":0.2397328079},
{"learn":[0.06580251907],"iteration":459,"passed_time":0.2038088021,"remaining_time":0.2392538111},
{"learn":[0.06570098163],"iteration":460,"passed_time":0.2042638763,"remaining_time":0.2388247925},
{"learn":[0.06557087807],"iteration":461,"passed_time":0.2047132423,"remaining_time":0.2383890138},
{"learn":[0.06542983371],"iteration":462,"passed_time":0.2051239425,"remaining_time":0.2379083307},
{"learn":[0.06533811731],"iteration":463,"passed_time":0.2056182243,"remaining_time":0.2375245004},
{"learn":[0.06512722705],"iteration":464,"passed_time":0.2061240475,"remaining_time":0.237153474},
{"learn":[0.06492081871],"iteration":465,"passed_time":0.2065134564,"remaining_time":0.2366484672},
{"learn":[0.06481915698],"iteration":466,"passed_time":0.2069739888,"remaining_time":0.2362251307},
{"learn":[0.06470438757],"iteration":467,"passed_time":0.2073606478,"remaining_time":0.2357176594},
{"learn":[0.06463304155],"iteration":468,"passed_time":0.2077561399,"remaining_time":0.2352207042},
{"learn":[0.0645472753],"iteration":469,"passed_time":0.2082065892,"remaining_time":0.2347861538},
{"learn":[0.06448819161],"iteration":470,"passed_time":0.2086620801,"remaining_time":0.2343571982},
{"learn":[0.06433394048],"iteration":471,"passed_time":0.2090416558,"remaining_time":0.2338432082},
{"learn":[0.0642488493],"iteration":472,"passed_time":0.20950198,"remaining_time":0.2334197536},
{"learn":[0.06403249313],"iteration":473,"passed_time":0.2099237632,"remaining_time":0.2329533744},
{"learn":[0.06390699297],"iteration":474,"passed_time":0.2103570879,"remaining_time":0.2324999392},
{"learn":[0.0637752836],"iteration":475,"passed_time":0.2107717463,"remaining_time":0.23202604},
{"learn":[0.06358301822],"iteration":476,"passed_time":0.2111908629,"remaining_time":0.2315572773},
{"learn":[0.06347739969],"iteration":477,"passed_time":0.2115737719,"remaining_time":0.2310491819},
{"learn":[0.06337846844],"iteration":478,"passed_time":0.211934973,"remaining_time":0.2305179978},
{"learn":[0.06328618938],"iteration":479,"passed_time":0.2124336297,"remaining_time":0.2301364322},
{"learn":[0.06318645857],"iteration":480,"passed_time":0.2129121618,"remaining_time":0.2297326653},
{"learn":[0.06297059558],"iteration":481,"passed_time":0.2132988624,"remaining_time":0.2292298978},
{"learn":[0.06288174314],"iteration":482,"passed_time":0.2137417702,"remaining_time":0.2287877748},
{"learn":[0.06267913865],"iteration":483,"passed_time":0.2141024714,"remaining_time":0.2282580067},
{"learn":[0.06233439514],"iteration":484,"passed_time":0.2145780035,"remaining_time":0.2278508697},
{"learn":[0.06227476167],"iteration":485,"passed_time":0.2150015367,"remaining_time":0.2273884566},
{"learn":[0.06210558429],"iteration":486,"passed_time":0.2154024037,"remaining_time":0.2269023267},
{"learn":[0.06199435297],"iteration":487,"passed_time":0.2158165205,"remaining_time":0.2264304477},
{"learn":[0.06190756845],"iteration":488,"passed_time":0.2162255123,"remaining_time":0.2259534494},
{"learn":[0.06184715937],"iteration":489,"passed_time":0.2168012924,"remaining_time":0.2256503248},
{"learn":[0.06168111996],"iteration":490,"passed_time":0.217189868,"remaining_time":0.225152022},
{"learn":[0.0615980065],"iteration":491,"passed_time":0.2175899017,"remaining_time":0.224665996},
{"learn":[0.06146812753],"iteration":492,"passed_time":0.2180841001,"remaining_time":0.2242771577},
{"learn":[0.06139894328],"iteration":493,"passed_time":0.2184970919,"remaining_time":0.2238047135},
{"learn":[0.06131613979],"iteration":494,"passed_time":0.218925375,"remaining_time":0.2233481098},
{"learn":[0.0613023682],"iteration":495,"passed_time":0.219193703,"remaining_time":0.2227290853},
{"learn":[0.06119263523],"iteration":496,"passed_time":0.2196415273,"remaining_time":0.2222931353},
{"learn":[0.06101044679],"iteration":497,"passed_time":0.2200502692,"remaining_time":0.2218177412},
{"learn":[0.06090296442],"iteration":498,"passed_time":0.2204644692,"remaining_time":0.2213480944},
{"learn":[0.06083195116],"iteration":499,"passed_time":0.2208977522,"remaining_time":0.2208977522},
{"learn":[0.06080100164],"iteration":500,"passed_time":0.2213359518,"remaining_time":0.2204523752},
{"learn":[0.06067245647],"iteration":501,"passed_time":0.2217469019,"remaining_time":0.2199799944},
{"learn":[0.06062280406],"iteration":502,"passed_time":0.2221638519,"remaining_time":0.2195137861},
{"learn":[0.06050400019],"iteration":503,"passed_time":0.2225749687,"remaining_time":0.2190420327},
{"learn":[0.06042022949],"iteration":504,"passed_time":0.2230422511,"remaining_time":0.2186255728},
{"learn":[0.06017089226],"iteration":505,"passed_time":0.2235486993,"remaining_time":0.2182471491},
{"learn":[0.05999661548],"iteration":506,"passed_time":0.2239722325,"remaining_time":0.2177875949},
{"learn":[0.05984340402],"iteration":507,"passed_time":0.2251479173,"remaining_time":0.2180566443},
{"learn":[0.05974299267],"iteration":508,"passed_time":0.2255976167,"remaining_time":0.2176197049},
{"learn":[0.05965521557],"iteration":509,"passed_time":0.2260843986,"remaining_time":0.2172183437},
{"learn":[0.05956387127],"iteration":510,"passed_time":0.2264633494,"remaining_time":0.2167134596},
{"learn":[0.05947614454],"iteration":511,"passed_time":0.2269447147,"remaining_time":0.2163066812},
{"learn":[0.05930453364],"iteration":512,"passed_time":0.2273729978,"remaining_time":0.2158492202},
{"learn":[0.05919289716],"iteration":513,"passed_time":0.2277988643,"remaining_time":0.2153895877},
{"learn":[0.05901903654],"iteration":514,"passed_time":0.2282296057,"remaining_time":0.2149346772},
{"learn":[0.05890821432],"iteration":515,"passed_time":0.2286204312,"remaining_time":0.21444242},
{"learn":[0.05886449821],"iteration":516,"passed_time":0.2296997013,"remaining_time":0.2145937249},
{"learn":[0.05874558114],"iteration":517,"passed_time":0.2301511923,"remaining_time":0.2141561288},
{"learn":[0.05870287462],"iteration":518,"passed_time":0.2312849613,"remaining_time":0.2143508023},
{"learn":[0.05864269245],"iteration":519,"passed_time":0.2317239526,"remaining_time":0.2138990331},
{"learn":[0.05858263381],"iteration":520,"passed_time":0.2321106532,"remaining_time":0.2133992377},
{"learn":[0.05852884275],"iteration":521,"passed_time":0.2325415196,"remaining_time":0.2129403187},
{"learn":[0.05848872008],"iteration":522,"passed_time":0.2329959688,"remaining_time":0.2125030155},
{"learn":[0.05839912396],"iteration":523,"passed_time":0.2334145438,"remaining_time":0.2120330588},
{"learn":[0.05827189765],"iteration":524,"passed_time":0.2338400769,"remaining_time":0.2115695934},
{"learn":[0.05819067951],"iteration":525,"passed_time":0.2342379857,"remaining_time":0.2110813787},
{"learn":[0.05803919362],"iteration":526,"passed_time":0.2346258529,"remaining_time":0.2105844942},
{"learn":[0.05785223624],"iteration":527,"passed_time":0.2350525944,"remaining_time":0.2101227738},
{"learn":[0.05765835577],"iteration":528,"passed_time":0.2354665861,"remaining_time":0.2096498337},
{"learn":[0.05753016599],"iteration":529,"passed_time":0.2358684114,"remaining_time":0.2091663271},
{"learn":[0.05739735567],"iteration":530,"passed_time":0.2363192357,"remaining_time":0.2087264059},
{"learn":[0.05733429769],"iteration":531,"passed_time":0.2367242693,"remaining_time":0.2082461617},
{"learn":[0.05725827261],"iteration":532,"passed_time":0.2371588856,"remaining_time":0.2077921193},
{"learn":[0.05711290609],"iteration":533,"passed_time":0.2377325825,"remaining_time":0.2074595195},
{"learn":[0.05699145892],"iteration":534,"passed_time":0.2381122416,"remaining_time":0.2069573688},
{"learn":[0.05687271188],"iteration":535,"passed_time":0.2385069837,"remaining_time":0.2064687321},
{"learn":[0.05684263602],"iteration":536,"passed_time":0.238924767,"remaining_time":0.2060003112},
{"learn":[0.05669298402],"iteration":537,"passed_time":0.2393950909,"remaining_time":0.205577197},
{"learn":[0.05652937077],"iteration":538,"passed_time":0.2398171242,"remaining_time":0.2051126053},
{"learn":[0.05642527162],"iteration":539,"passed_time":0.2403629882,"remaining_time":0.2047536567},
{"learn":[0.05634854731],"iteration":540,"passed_time":0.2407704384,"remaining_time":0.2042765827},
{"learn":[0.05623278028],"iteration":541,"passed_time":0.2411980132,"remaining_time":0.2038167713},
{"learn":[0.05615708953],"iteration":542,"passed_time":0.2416305879,"remaining_time":0.2033612867},
{"learn":[0.05610904354],"iteration":543,"passed_time":0.2421137866,"remaining_time":0.2029483211},
{"learn":[0.05604723787],"iteration":544,"passed_time":0.2425221118,"remaining_time":0.2024725887},
{"learn":[0.05597265949],"iteration":545,"passed_time":0.2429224371,"remaining_time":0.2019904514},
{"learn":[0.05586645613],"iteration":546,"passed_time":0.2433190542,"remaining_time":0.2015055421},
{"learn":[0.05577803169],"iteration":547,"passed_time":0.2437402958,"remaining_time":0.2010412658},
{"learn":[0.05574055268],"iteration":548,"passed_time":0.2441973283,"remaining_time":0.2006065484},
{"learn":[0.05566154379],"iteration":549,"passed_time":0.2445987786,"remaining_time":0.2001262734},
{"learn":[0.05556885207],"iteration":550,"passed_time":0.244995104,"remaining_time":0.1996421084},
{"learn":[0.05547993308],"iteration":551,"passed_time":0.2453919294,"remaining_time":0.1991586674},
{"learn":[0.05542518752],"iteration":552,"passed_time":0.2457456723,"remaining_time":0.1986407153},
{"learn":[0.05536916539],"iteration":553,"passed_time":0.2461703722,"remaining_time":0.1981804801},
{"learn":[0.05534435287],"iteration":554,"passed_time":0.2465565311,"remaining_time":0.1976894709},
{"learn":[0.05525359284],"iteration":555,"passed_time":0.2469451067,"remaining_time":0.1972007687},
{"learn":[0.05520023472],"iteration":556,"passed_time":0.2474090974,"remaining_time":0.196772406},
{"learn":[0.0550181682],"iteration":557,"passed_time":0.2477830066,"remaining_time":0.1962725608},
{"learn":[0.05477991787],"iteration":558,"passed_time":0.2481448327,"remaining_time":0.1957636337},
{"learn":[0.05467063782],"iteration":559,"passed_time":0.2485421581,"remaining_time":0.1952831242},
{"learn":[0.05457984307],"iteration":560,"passed_time":0.2489706079,"remaining_time":0.1948272671},
{"learn":[0.05450441921],"iteration":561,"passed_time":0.2494443901,"remaining_time":0.1944068378},
{"learn":[0.05437194341],"iteration":562,"passed_time":0.2498510903,"remaining_time":0.19393415},
{"learn":[0.05430557173],"iteration":563,"passed_time":0.2502741235,"remaining_time":0.1934743224},
{"learn":[0.0542135123],"iteration":564,"passed_time":0.2508510703,"remaining_time":0.1931331249},
{"learn":[0.05406158412],"iteration":565,"passed_time":0.251284895,"remaining_time":0.1926813506},
{"learn":[0.05401771282],"iteration":566,"passed_time":0.2516519293,"remaining_time":0.1921786339},
{"learn":[0.05390006082],"iteration":567,"passed_time":0.2520397966,"remaining_time":0.1916922396},
{"learn":[0.05379467436],"iteration":568,"passed_time":0.2524300388,"remaining_time":0.1912079907},
{"learn":[0.0536726089],"iteration":569,"passed_time":0.2529184873,"remaining_time":0.1907981571},
{"learn":[0.05358485344],"iteration":570,"passed_time":0.2533424789,"remaining_time":0.1903396207},
{"learn":[0.05339396593],"iteration":571,"passed_time":0.2538068446,"remaining_time":0.1899114152},
{"learn":[0.05323834026],"iteration":572,"passed_time":0.2542595855,"remaining_time":0.1894744206},
{"learn":[0.05318930702],"iteration":573,"passed_time":0.2547964081,"remaining_time":0.1890997733},
{"learn":[0.05311528752],"iteration":574,"passed_time":0.2552032333,"remaining_time":0.1886284768},
{"learn":[0.05305471045],"iteration":575,"passed_time":0.2556086419,"remaining_time":0.1881563614},
{"learn":[0.0529960331],"iteration":576,"passed_time":0.2559934676,"remaining_time":0.1876693878},
{"learn":[0.05294212796],"iteration":577,"passed_time":0.2564121259,"remaining_time":0.1872074691},
{"learn":[0.05288348323],"iteration":578,"passed_time":0.2567755769,"remaining_time":0.1867055577},
{"learn":[0.05283818852],"iteration":579,"passed_time":0.2571768189,"remaining_time":0.1862314896},
{"learn":[0.05279749289],"iteration":580,"passed_time":0.2575563113,"remaining_time":0.185741987},
{"learn":[0.05264301697],"iteration":581,"passed_time":0.2579964275,"remaining_time":0.1852964033},
{"learn":[0.05253481531],"iteration":582,"passed_time":0.2584110442,"remaining_time":0.1848325994},
{"learn":[0.05244162165],"iteration":583,"passed_time":0.2588006615,"remaining_time":0.1843511561},
{"learn":[0.05229314406],"iteration":584,"passed_time":0.2592166531,"remaining_time":0.1838887368},
{"learn":[0.05217773272],"iteration":585,"passed_time":0.2596356864,"remaining_time":0.1834286249},
{"learn":[0.052100474],"iteration":586,"passed_time":0.2601532594,"remaining_time":0.1830379832},
{"learn":[0.05203629372],"iteration":587,"passed_time":0.2606027504,"remaining_time":0.1825992061},
{"learn":[0.05194161416],"iteration":588,"passed_time":0.2610320752,"remaining_time":0.1821463207},
{"learn":[0.05177534936],"iteration":589,"passed_time":0.2614738164,"remaining_time":0.1817021436},
{"learn":[0.05169002341],"iteration":590,"passed_time":0.2619418903,"remaining_time":0.1812761982},
{"learn":[0.0516166862],"iteration":591,"passed_time":0.2623985062,"remaining_time":0.1808422137},
{"learn":[0.05154095902],"iteration":592,"passed_time":0.2627646239,"remaining_time":0.1803460404},
{"learn":[0.05148535432],"iteration":593,"passed_time":0.2631881571,"remaining_time":0.1798895485},
{"learn":[0.05139194004],"iteration":594,"passed_time":0.2636350232,"remaining_time":0.1794490494},
{"learn":[0.05131831736],"iteration":595,"passed_time":0.2641717625,"remaining_time":0.1790694497},
{"learn":[0.05128727063],"iteration":596,"passed_time":0.264610712,"remaining_time":0.1786233115},
{"learn":[0.05126514889],"iteration":597,"passed_time":0.2650053708,"remaining_time":0.1781474232},
{"learn":[0.0510659615],"iteration":598,"passed_time":0.2654058211,"remaining_time":0.1776756833},
{"learn":[0.05099883295],"iteration":599,"passed_time":0.2658111047,"remaining_time":0.1772074031},
{"learn":[0.05083853847],"iteration":600,"passed_time":0.2662898868,"remaining_time":0.1767881278},
{"learn":[0.0507115114],"iteration":601,"passed_time":0.2666755874,"remaining_time":0.1763071159},
{"learn":[0.0506695174],"iteration":602,"passed_time":0.2671142453,"remaining_time":0.1758612859},
{"learn":[0.0506327097],"iteration":603,"passed_time":0.2675597781,"remaining_time":0.175419987},
{"learn":[0.05048554211],"iteration":604,"passed_time":0.2679535202,"remaining_time":0.1749448603},
{"learn":[0.0503885094],"iteration":605,"passed_time":0.2683582205,"remaining_time":0.1744771268},
{"learn":[0.0503221045],"iteration":606,"passed_time":0.2687080468,"remaining_time":0.1739740731},
{"learn":[0.05019647032],"iteration":607,"passed_time":0.2691261634,"remaining_time":0.1735155527},
{"learn":[0.05012357668],"iteration":608,"passed_time":0.269565988,"remaining_time":0.1730711023},
{"learn":[0.05002350851],"iteration":609,"passed_time":0.2700024376,"remaining_time":0.1726245093},
{"learn":[0.04995729259],"iteration":610,"passed_time":0.2704204292,"remaining_time":0.172166198},
{"learn":[0.04986046093],"iteration":611,"passed_time":0.2708707119,"remaining_time":0.1717284906},
{"learn":[0.04982621663],"iteration":612,"passed_time":0.2712866203,"remaining_time":0.1712690409},
{"learn":[0.04976942212],"iteration":613,"passed_time":0.271718945,"remaining_time":0.1708200533},
{"learn":[0.04973602571],"iteration":614,"passed_time":0.2721851856,"remaining_time":0.170392352},
{"learn":[0.04971487148],"iteration":615,"passed_time":0.2726571762,"remaining_time":0.1699681098},
{"learn":[0.04956556377],"iteration":616,"passed_time":0.2730792511,"remaining_time":0.169512728},
{"learn":[0.04949268417],"iteration":617,"passed_time":0.273518534,"remaining_time":0.1690680906},
{"learn":[0.0492935631],"iteration":618,"passed_time":0.2739820664,"remaining_time":0.1686383963},
{"learn":[0.04925761535],"iteration":619,"passed_time":0.2743770168,"remaining_time":0.1681665587},
{"learn":[0.04915994133],"iteration":620,"passed_time":0.2748086332,"remaining_time":0.1677173462},
{"learn":[0.04907945932],"iteration":621,"passed_time":0.2760328171,"remaining_time":0.167749847},
{"learn":[0.04903730018],"iteration":622,"passed_time":0.2764968911,"remaining_time":0.1673183434},
{"learn":[0.04898911947],"iteration":623,"passed_time":0.2769650068,"remaining_time":0.1668891708},
{"learn":[0.04885235454],"iteration":624,"passed_time":0.2774391223,"remaining_time":0.1664634734},
{"learn":[0.04869027997],"iteration":625,"passed_time":0.2778737386,"remaining_time":0.1660140228},
{"learn":[0.04863815998],"iteration":626,"passed_time":0.2783505624,"remaining_time":0.1655897285},
{"learn":[0.04855653797],"iteration":627,"passed_time":0.2787925119,"remaining_time":0.165144609},
{"learn":[0.04852886333],"iteration":628,"passed_time":0.2794133745,"remaining_time":0.164805027},
{"learn":[0.04832144436],"iteration":629,"passed_time":0.279826033,"remaining_time":0.1643422733},
{"learn":[0.04820491202],"iteration":630,"passed_time":0.2802276083,"remaining_time":0.1638731972},
{"learn":[0.04809649462],"iteration":631,"passed_time":0.2806448499,"remaining_time":0.1634134569},
{"learn":[0.04803637459],"iteration":632,"passed_time":0.2811514231,"remaining_time":0.1630056434},
{"learn":[0.04800470799],"iteration":633,"passed_time":0.2815225824,"remaining_time":0.1625193457},
{"learn":[0.04792320237],"iteration":634,"passed_time":0.2819001998,"remaining_time":0.1620371227},
{"learn":[0.04783462056],"iteration":635,"passed_time":0.2822922753,"remaining_time":0.1615635035},
{"learn":[0.04776511227],"iteration":636,"passed_time":0.2827088087,"remaining_time":0.1611040778},
{"learn":[0.04771306289],"iteration":637,"passed_time":0.2831630913,"remaining_time":0.1606662054},
{"learn":[0.04766865257],"iteration":638,"passed_time":0.2835495002,"remaining_time":0.1601899367},
{"learn":[0.04759920873],"iteration":639,"passed_time":0.2846705195,"remaining_time":0.1601271672},
{"learn":[0.04750766466],"iteration":640,"passed_time":0.2851395518,"remaining_time":0.1596959424},
{"learn":[0.04747987082],"iteration":641,"passed_time":0.2855367938,"remaining_time":0.1592245673},
{"learn":[0.04741012012],"iteration":642,"passed_time":0.2859318693,"remaining_time":0.1587522198},
{"learn":[0.04727500134],"iteration":643,"passed_time":0.2863739438,"remaining_time":0.1583060931},
{"learn":[0.04725718269],"iteration":644,"passed_time":0.2867851022,"remaining_time":0.1578429632},
{"learn":[0.04714999935],"iteration":645,"passed_time":0.2879606621,"remaining_time":0.1577988767},
{"learn":[0.04708820313],"iteration":646,"passed_time":0.2883928201,"remaining_time":0.1573456963},
{"learn":[0.04699584081],"iteration":647,"passed_time":0.2888516026,"remaining_time":0.1569070434},
{"learn":[0.04687048513],"iteration":648,"passed_time":0.2892674276,"remaining_time":0.1564450957},
{"learn":[0.04679365067],"iteration":649,"passed_time":0.2896704612,"remaining_time":0.1559764022},
{"learn":[0.0466889476],"iteration":650,"passed_time":0.290099911,"remaining_time":0.1555220721},
{"learn":[0.04663995513],"iteration":651,"passed_time":0.2905719432,"remaining_time":0.1550905464},
{"learn":[0.0465837469],"iteration":652,"passed_time":0.2910071012,"remaining_time":0.1546393019},
{"learn":[0.04653507786],"iteration":653,"passed_time":0.2914290511,"remaining_time":0.1541811188},
{"learn":[0.04652048362],"iteration":654,"passed_time":0.2918504593,"remaining_time":0.153722761},
{"learn":[0.04646384556],"iteration":655,"passed_time":0.2923000337,"remaining_time":0.153279286},
{"learn":[0.04642829576],"iteration":656,"passed_time":0.2927972737,"remaining_time":0.1528606772},
{"learn":[0.0463043043],"iteration":657,"passed_time":0.2931924325,"remaining_time":0.1523887719},
{"learn":[0.04627043533],"iteration":658,"passed_time":0.2936806727,"remaining_time":0.1519652647},
{"learn":[0.04622981597],"iteration":659,"passed_time":0.2949025233,"remaining_time":0.1519194817},
{"learn":[0.0461871281],"iteration":660,"passed_time":0.2954142631,"remaining_time":0.1515059534},
{"learn":[0.04617184244],"iteration":661,"passed_time":0.2959006701,"remaining_time":0.1510791941},
{"learn":[0.04608765465],"iteration":662,"passed_time":0.2962908706,"remaining_time":0.1506033535},
{"learn":[0.04601392366],"iteration":663,"passed_time":0.296688821,"remaining_time":0.1501316925},
{"learn":[0.04597373185],"iteration":664,"passed_time":0.2971096459,"remaining_time":0.1496717765},
{"learn":[0.04588129627],"iteration":665,"passed_time":0.2975768866,"remaining_time":0.1492352554},
{"learn":[0.04574819387],"iteration":666,"passed_time":0.2980329608,"remaining_time":0.1487930674},
{"learn":[0.04559437217],"iteration":667,"passed_time":0.298389912,"remaining_time":0.148301573},
{"learn":[0.04555717996],"iteration":668,"passed_time":0.2988125702,"remaining_time":0.1478429906},
{"learn":[0.04546700518],"iteration":669,"passed_time":0.2992601862,"remaining_time":0.1473968082},
{"learn":[0.04533570077],"iteration":670,"passed_time":0.2996613032,"remaining_time":0.1469278223},
{"learn":[0.04526212007],"iteration":671,"passed_time":0.3001103776,"remaining_time":0.1464824462},
{"learn":[0.04519684048],"iteration":672,"passed_time":0.300558452,"remaining_time":0.1460365732},
{"learn":[0.04515042755],"iteration":673,"passed_time":0.3009567357,"remaining_time":0.145566611},
{"learn":[0.04506546558],"iteration":674,"passed_time":0.3013632276,"remaining_time":0.1451008133},
{"learn":[0.0449819275],"iteration":675,"passed_time":0.3017757193,"remaining_time":0.1446380667},
{"learn":[0.04488445952],"iteration":676,"passed_time":0.302191711,"remaining_time":0.1441771383},
{"learn":[0.04478856029],"iteration":677,"passed_time":0.3026974092,"remaining_time":0.1437589466},
{"learn":[0.04475190498],"iteration":678,"passed_time":0.3030227777,"remaining_time":0.1432552454},
{"learn":[0.0446440608],"iteration":679,"passed_time":0.3034605606,"remaining_time":0.1428049697},
{"learn":[0.04451569331],"iteration":680,"passed_time":0.3039221347,"remaining_time":0.1423658752},
{"learn":[0.04447683376],"iteration":681,"passed_time":0.3043089187,"remaining_time":0.1418918419},
{"learn":[0.04443074878],"iteration":682,"passed_time":0.3048235334,"remaining_time":0.141477394},
{"learn":[0.04439342125],"iteration":683,"passed_time":0.305179693,"remaining_time":0.1409894488},
{"learn":[0.04432257415],"iteration":684,"passed_time":0.3055758517,"remaining_time":0.1405202822},
{"learn":[0.04429949928],"iteration":685,"passed_time":0.3059878435,"remaining_time":0.1400585756},
{"learn":[0.04425935261],"iteration":686,"passed_time":0.3063980019,"remaining_time":0.1395961785},
{"learn":[0.04412922722],"iteration":687,"passed_time":0.3068056188,"remaining_time":0.1391327806},
{"learn":[0.04406110635],"iteration":688,"passed_time":0.3072011942,"remaining_time":0.1386641094},
{"learn":[0.04392082983],"iteration":689,"passed_time":0.3076153526,"remaining_time":0.138203999},
{"learn":[0.04385360904],"iteration":690,"passed_time":0.30799847,"remaining_time":0.1377301407},
{"learn":[0.04376028001],"iteration":691,"passed_time":0.308448336,"remaining_time":0.1372862536},
{"learn":[0.04372697075],"iteration":692,"passed_time":0.3088635777,"remaining_time":0.1368270106},
{"learn":[0.04361487174],"iteration":693,"passed_time":0.3092666529,"remaining_time":0.13636253},
{"learn":[0.04357510775],"iteration":694,"passed_time":0.3096684366,"remaining_time":0.1358976592},
{"learn":[0.0434386482],"iteration":695,"passed_time":0.3100387625,"remaining_time":0.1354192296},
{"learn":[0.04330195803],"iteration":696,"passed_time":0.3104718372,"remaining_time":0.1349683883},
{"learn":[0.04323761382],"iteration":697,"passed_time":0.3109065785,"remaining_time":0.1345183191},
{"learn":[0.04314890583],"iteration":698,"passed_time":0.311383319,"remaining_time":0.1340863791},
{"learn":[0.04306567147],"iteration":699,"passed_time":0.3117623114,"remaining_time":0.1336124192},
{"learn":[0.04303336991],"iteration":700,"passed_time":0.3122185106,"remaining_time":0.1331716614},
{"learn":[0.0429993336],"iteration":701,"passed_time":0.3126141694,"remaining_time":0.1327051602},
{"learn":[0.04286080988],"iteration":702,"passed_time":0.3130213279,"remaining_time":0.1322437189},
{"learn":[0.04272910853],"iteration":703,"passed_time":0.3136236492,"remaining_time":0.1318644889},
{"learn":[0.04269093877],"iteration":704,"passed_time":0.3140216413,"remaining_time":0.1313991265},
{"learn":[0.04261977471],"iteration":705,"passed_time":0.3143820507,"remaining_time":0.1309183044},
{"learn":[0.04257781459],"iteration":706,"passed_time":0.3148394582,"remaining_time":0.1304780216},
{"learn":[0.04252362942],"iteration":707,"passed_time":0.3152381169,"remaining_time":0.1300134607},
{"learn":[0.04239107411],"iteration":708,"passed_time":0.3156639001,"remaining_time":0.1295602185},
{"learn":[0.04235489547],"iteration":709,"passed_time":0.3161245992,"remaining_time":0.1291213152},
{"learn":[0.04227514193],"iteration":710,"passed_time":0.3165600905,"remaining_time":0.1286721043},
{"learn":[0.04221486034],"iteration":711,"passed_time":0.3169874153,"remaining_time":0.1282196287},
{"learn":[0.04215480659],"iteration":712,"passed_time":0.3173786158,"remaining_time":0.1277526827},
{"learn":[0.04201563826],"iteration":713,"passed_time":0.3178039823,"remaining_time":0.1272996344},
{"learn":[0.04196980506],"iteration":714,"passed_time":0.3182352654,"remaining_time":0.1268490219},
{"learn":[0.04185059119],"iteration":715,"passed_time":0.3186763816,"remaining_time":0.1264023636},
{"learn":[0.04169040778],"iteration":716,"passed_time":0.3191075396,"remaining_time":0.1259517904},
{"learn":[0.04159487067],"iteration":717,"passed_time":0.3195501558,"remaining_time":0.1255057715},
{"learn":[0.04152303664],"iteration":718,"passed_time":0.3200133132,"remaining_time":0.12506779},
{"learn":[0.04149327361],"iteration":719,"passed_time":0.3204286382,"remaining_time":0.1246111371},
{"learn":[0.0413780297],"iteration":720,"passed_time":0.3208111306,"remaining_time":0.1241418938},
{"learn":[0.04127715225],"iteration":721,"passed_time":0.321208831,"remaining_time":0.1236787465},
{"learn":[0.0412571111],"iteration":722,"passed_time":0.3216167395,"remaining_time":0.1232196913},
{"learn":[0.04118599314],"iteration":723,"passed_time":0.3220245647,"remaining_time":0.1227607456},
{"learn":[0.04113817305],"iteration":724,"passed_time":0.3224439729,"remaining_time":0.1223063346},
{"learn":[0.04109002639],"iteration":725,"passed_time":0.3228297152,"remaining_time":0.121839314},
{"learn":[0.04105240052],"iteration":726,"passed_time":0.3234760357,"remaining_time":0.1214703683},
{"learn":[0.04098583209],"iteration":727,"passed_time":0.3238879441,"remaining_time":0.121013078},
{"learn":[0.04082646628],"iteration":728,"passed_time":0.3243359351,"remaining_time":0.1205693257},
{"learn":[0.04070969278],"iteration":729,"passed_time":0.3247740514,"remaining_time":0.1201219094},
{"learn":[0.0406083069],"iteration":730,"passed_time":0.3251500855,"remaining_time":0.1196516731},
{"learn":[0.04055803244],"iteration":731,"passed_time":0.3255614523,"remaining_time":0.1191946301},
{"learn":[0.04052347259],"iteration":732,"passed_time":0.3259698191,"remaining_time":0.118736619},
{"learn":[0.04048565762],"iteration":733,"passed_time":0.3263553114,"remaining_time":0.1182704535},
{"learn":[0.04045526534],"iteration":734,"passed_time":0.326745762,"remaining_time":0.1178062951},
{"learn":[0.04038915356],"iteration":735,"passed_time":0.3271317959,"remaining_time":0.1173407529},
{"learn":[0.04033041897],"iteration":736,"passed_time":0.327542871,"remaining_time":0.1168843624},
{"learn":[0.04029302522],"iteration":737,"passed_time":0.3279288633,"remaining_time":0.11641919},
{"learn":[0.04024226561],"iteration":738,"passed_time":0.3283398135,"remaining_time":0.1159630464},
{"learn":[0.04018127405],"iteration":739,"passed_time":0.3288382618,"remaining_time":0.1155377677},
{"learn":[0.04013350962],"iteration":740,"passed_time":0.3292732115,"remaining_time":0.1150900969},
{"learn":[0.04009073989],"iteration":741,"passed_time":0.3297099527,"remaining_time":0.1146430833},
{"learn":[0.04004579937],"iteration":742,"passed_time":0.3300952367,"remaining_time":0.1141782986},
{"learn":[0.04000702994],"iteration":743,"passed_time":0.3306401841,"remaining_time":0.1137686655},
{"learn":[0.03995676937],"iteration":744,"passed_time":0.3310582175,"remaining_time":0.1133152288},
{"learn":[0.03988903886],"iteration":745,"passed_time":0.3314911671,"remaining_time":0.1128669658},
{"learn":[0.0398524239],"iteration":746,"passed_time":0.3319044089,"remaining_time":0.1124120689},
{"learn":[0.03978631495],"iteration":747,"passed_time":0.3324396899,"remaining_time":0.1119983982},
{"learn":[0.03975124696],"iteration":748,"passed_time":0.332850515,"remaining_time":0.1115426959},
{"learn":[0.03968944865],"iteration":749,"passed_time":0.3332522153,"remaining_time":0.1110840718},
{"learn":[0.03964156775],"iteration":750,"passed_time":0.3336387492,"remaining_time":0.1106205706},
{"learn":[0.0395324509],"iteration":751,"passed_time":0.3340197416,"remaining_time":0.1101554467},
{"learn":[0.03946379504],"iteration":752,"passed_time":0.3344244835,"remaining_time":0.1096983366},
{"learn":[0.03944040566],"iteration":753,"passed_time":0.3349004323,"remaining_time":0.1092645973},
{"learn":[0.03934401352],"iteration":754,"passed_time":0.3354452548,"remaining_time":0.1088530959},
{"learn":[0.03927590772],"iteration":755,"passed_time":0.3359247869,"remaining_time":0.1084201693},
{"learn":[0.03913316245],"iteration":756,"passed_time":0.3364526513,"remaining_time":0.1080026344},
{"learn":[0.03906272458],"iteration":757,"passed_time":0.3369765992,"remaining_time":0.1075835581},
{"learn":[0.03897605909],"iteration":758,"passed_time":0.3374234653,"remaining_time":0.1071397301},
{"learn":[0.03890614656],"iteration":759,"passed_time":0.3378295405,"remaining_time":0.1066830128},
{"learn":[0.03888502302],"iteration":760,"passed_time":0.3382139495,"remaining_time":0.1062196241},
{"learn":[0.03877594329],"iteration":761,"passed_time":0.338636441,"remaining_time":0.1057683372},
{"learn":[0.03871419043],"iteration":762,"passed_time":0.3390905153,"remaining_time":0.1053269359},
{"learn":[0.03865407675],"iteration":763,"passed_time":0.339522965,"remaining_time":0.1048788216},
{"learn":[0.0386036383],"iteration":764,"passed_time":0.3400377463,"remaining_time":0.1044560397},
{"learn":[0.03855175816],"iteration":765,"passed_time":0.3404786542,"remaining_time":0.1040104505},
{"learn":[0.03845055254],"iteration":766,"passed_time":0.3408722297,"remaining_time":0.1035504948},
{"learn":[0.03837664389],"iteration":767,"passed_time":0.3412551387,"remaining_time":0.1030874898},
{"learn":[0.03833897135],"iteration":768,"passed_time":0.3416399227,"remaining_time":0.1026252564},
{"learn":[0.03830218023],"iteration":769,"passed_time":0.3420267899,"remaining_time":0.1021638463},
{"learn":[0.03820790745],"iteration":770,"passed_time":0.3425966119,"remaining_time":0.1017569703},
{"learn":[0.03815243895],"iteration":771,"passed_time":0.3429944373,"remaining_time":0.1012988753},
{"learn":[0.038085628],"iteration":772,"passed_time":0.3433793046,"remaining_time":0.1008371308},
{"learn":[0.03803491992],"iteration":773,"passed_time":0.3437526721,"remaining_time":0.1003722273},
{"learn":[0.03799574021],"iteration":774,"passed_time":0.3441368311,"remaining_time":0.0999106929},
{"learn":[0.03788908711],"iteration":775,"passed_time":0.3445323232,"remaining_time":0.09945262938},
{"learn":[0.03786796221],"iteration":776,"passed_time":0.3449692311,"remaining_time":0.09900661331},
{"learn":[0.03782277371],"iteration":777,"passed_time":0.3455522195,"remaining_time":0.09860230427},
{"learn":[0.03775922861],"iteration":778,"passed_time":0.3460295016,"remaining_time":0.09816754795},
{"learn":[0.03773428661],"iteration":779,"passed_time":0.3465057421,"remaining_time":0.0977323888},
{"learn":[0.03769037583],"iteration":780,"passed_time":0.3469404001,"remaining_time":0.0972854643},
{"learn":[0.0376489067],"iteration":781,"passed_time":0.3473687665,"remaining_time":0.09683681726},
{"learn":[0.03753620593],"iteration":782,"passed_time":0.3478302573,"remaining_time":0.09639740208},
{"learn":[0.03747296152],"iteration":783,"passed_time":0.3482574571,"remaining_time":0.09594848307},
{"learn":[0.03742340237],"iteration":784,"passed_time":0.3487217811,"remaining_time":0.09550978719},
{"learn":[0.0373409817],"iteration":785,"passed_time":0.3491654806,"remaining_time":0.09506541075},
{"learn":[0.03728373814],"iteration":786,"passed_time":0.3496493459,"remaining_time":0.09463190684},
{"learn":[0.03724270035],"iteration":787,"passed_time":0.3500847956,"remaining_time":0.09418524957},
{"learn":[0.03719105235],"iteration":788,"passed_time":0.3505043705,"remaining_time":0.09373437539},
{"learn":[0.03714629059],"iteration":789,"passed_time":0.3509260288,"remaining_time":0.09328413423},
{"learn":[0.03712521628],"iteration":790,"passed_time":0.3513943527,"remaining_time":0.09284629548},
{"learn":[0.03705021792],"iteration":791,"passed_time":0.3519147173,"remaining_time":0.09242204698},
{"learn":[0.03699114797],"iteration":792,"passed_time":0.3523686249,"remaining_time":0.09198020852},
{"learn":[0.03695412701],"iteration":793,"passed_time":0.3527752001,"remaining_time":0.09152605948},
{"learn":[0.0368757193],"iteration":794,"passed_time":0.3531564842,"remaining_time":0.0910655085},
{"learn":[0.03684582124],"iteration":795,"passed_time":0.3535679343,"remaining_time":0.09061288768},
{"learn":[0.03682508722],"iteration":796,"passed_time":0.354064466,"remaining_time":0.09018204091},
{"learn":[0.03680302327],"iteration":797,"passed_time":0.3544881659,"remaining_time":0.08973259337},
{"learn":[0.03667468488],"iteration":798,"passed_time":0.3549435735,"remaining_time":0.08929118682},
{"learn":[0.03658819597],"iteration":799,"passed_time":0.3554113141,"remaining_time":0.08885282853},
{"learn":[0.03655510893],"iteration":800,"passed_time":0.3558598052,"remaining_time":0.08840961452},
{"learn":[0.03653404563],"iteration":801,"passed_time":0.3562934215,"remaining_time":0.08796271503},
{"learn":[0.03651129205],"iteration":802,"passed_time":0.3567237879,"remaining_time":0.08751505133},
{"learn":[0.03641151181],"iteration":803,"passed_time":0.3571301548,"remaining_time":0.08706158002},
{"learn":[0.03635282304],"iteration":804,"passed_time":0.3575883123,"remaining_time":0.0866207713},
{"learn":[0.03629741385],"iteration":805,"passed_time":0.3580235119,"remaining_time":0.08617439369},
{"learn":[0.03620712096],"iteration":806,"passed_time":0.358472253,"remaining_time":0.0857312823},
{"learn":[0.03616685771],"iteration":807,"passed_time":0.3588942029,"remaining_time":0.08528179078},
{"learn":[0.03610713267],"iteration":808,"passed_time":0.3593315691,"remaining_time":0.08483600705},
{"learn":[0.03607362923],"iteration":809,"passed_time":0.35978856,"remaining_time":0.0843948474},
{"learn":[0.03602141211],"iteration":810,"passed_time":0.360189052,"remaining_time":0.0839404819},
{"learn":[0.03599055062],"iteration":811,"passed_time":0.3605816275,"remaining_time":0.08348441621},
{"learn":[0.03595596167],"iteration":812,"passed_time":0.3609725363,"remaining_time":0.08302812336},
{"learn":[0.03578362768],"iteration":813,"passed_time":0.3613668618,"remaining_time":0.08257277185},
{"learn":[0.03573325038],"iteration":814,"passed_time":0.3617988115,"remaining_time":0.08212611058},
{"learn":[0.03567593043],"iteration":815,"passed_time":0.3622190531,"remaining_time":0.0816768453},
{"learn":[0.03559642009],"iteration":816,"passed_time":0.3626308782,"remaining_time":0.08122576586},
{"learn":[0.0355554838],"iteration":817,"passed_time":0.3630324118,"remaining_time":0.08077249261},
{"learn":[0.03547267409],"iteration":818,"passed_time":0.3635475682,"remaining_time":0.08034445646},
{"learn":[0.03535953449],"iteration":819,"passed_time":0.3639396854,"remaining_time":0.07988919922},
{"learn":[0.0353065405],"iteration":820,"passed_time":0.3642913867,"remaining_time":0.07942528406},
{"learn":[0.03523848229],"iteration":821,"passed_time":0.3646726707,"remaining_time":0.07896804792},
{"learn":[0.03518918311],"iteration":822,"passed_time":0.3651009122,"remaining_time":0.07852109532},
{"learn":[0.03510269985],"iteration":823,"passed_time":0.365544445,"remaining_time":0.07807745426},
{"learn":[0.03505326823],"iteration":824,"passed_time":0.3660211854,"remaining_time":0.07764085752},
{"learn":[0.03501603882],"iteration":825,"passed_time":0.3664346355,"remaining_time":0.07719083121},
{"learn":[0.03496496218],"iteration":826,"passed_time":0.3668359191,"remaining_time":0.07673834826},
{"learn":[0.03492322862],"iteration":827,"passed_time":0.3672379528,"remaining_time":0.07628614478},
{"learn":[0.03484154962],"iteration":828,"passed_time":0.3684430537,"remaining_time":0.07599971313},
{"learn":[0.03479173562],"iteration":829,"passed_time":0.3688678785,"remaining_time":0.07555125223},
{"learn":[0.03476198033],"iteration":830,"passed_time":0.3693527022,"remaining_time":0.07511505014},
{"learn":[0.03472890038],"iteration":831,"passed_time":0.3697679856,"remaining_time":0.07466468939},
{"learn":[0.0346972889],"iteration":832,"passed_time":0.3701810606,"remaining_time":0.07421397014},
{"learn":[0.03467464999],"iteration":833,"passed_time":0.3706245518,"remaining_time":0.0737693952},
{"learn":[0.03462162552],"iteration":834,"passed_time":0.371098834,"remaining_time":0.07333090731},
{"learn":[0.03459944507],"iteration":835,"passed_time":0.3714852012,"remaining_time":0.07287508732},
{"learn":[0.03457627025],"iteration":836,"passed_time":0.3719398171,"remaining_time":0.07243272425},
{"learn":[0.03451997221],"iteration":837,"passed_time":0.3723397258,"remaining_time":0.07197975607},
{"learn":[0.03448423322],"iteration":838,"passed_time":0.372745926,"remaining_time":0.07152812168},
{"learn":[0.03440158444],"iteration":839,"passed_time":0.3731915838,"remaining_time":0.0710841112},
{"learn":[0.03436911531],"iteration":840,"passed_time":0.3736331166,"remaining_time":0.07063931694},
{"learn":[0.03427220718],"iteration":841,"passed_time":0.3741248985,"remaining_time":0.07020395957},
{"learn":[0.03419313927],"iteration":842,"passed_time":0.3745101825,"remaining_time":0.06974863422},
{"learn":[0.03413175976],"iteration":843,"passed_time":0.3749587568,"remaining_time":0.06930517306},
{"learn":[0.03407816955],"iteration":844,"passed_time":0.3753963731,"remaining_time":0.06885968974},
{"learn":[0.03400643777],"iteration":845,"passed_time":0.3758164063,"remaining_time":0.06841102432},
{"learn":[0.03398130748],"iteration":846,"passed_time":0.3762759805,"remaining_time":0.06796956909},
{"learn":[0.03394646252],"iteration":847,"passed_time":0.3766474731,"remaining_time":0.06751228291},
{"learn":[0.03391855989],"iteration":848,"passed_time":0.3770318821,"remaining_time":0.0670574961},
{"learn":[0.03388152945],"iteration":849,"passed_time":0.3773986664,"remaining_time":0.06659976466},
{"learn":[0.03379824854],"iteration":850,"passed_time":0.3778138664,"remaining_time":0.06615072397},
{"learn":[0.03376571093],"iteration":851,"passed_time":0.3782749405,"remaining_time":0.06570973146},
{"learn":[0.03372954958],"iteration":852,"passed_time":0.3786597245,"remaining_time":0.06525554455},
{"learn":[0.0336821285],"iteration":853,"passed_time":0.3790868827,"remaining_time":0.06480876448},
{"learn":[0.03361312006],"iteration":854,"passed_time":0.379504166,"remaining_time":0.06436035563},
{"learn":[0.03356331223],"iteration":855,"passed_time":0.3799246159,"remaining_time":0.06391255221},
{"learn":[0.03353591391],"iteration":856,"passed_time":0.3803017334,"remaining_time":0.06345758212},
{"learn":[0.03346612013],"iteration":857,"passed_time":0.3807166418,"remaining_time":0.06300904794},
{"learn":[0.03343877521],"iteration":858,"passed_time":0.3812006321,"remaining_time":0.06257193146},
{"learn":[0.033405169],"iteration":859,"passed_time":0.3815936659,"remaining_time":0.0621198991},
{"learn":[0.03332875453],"iteration":860,"passed_time":0.3820050327,"remaining_time":0.06167096346},
{"learn":[0.03327663008],"iteration":861,"passed_time":0.3823859834,"remaining_time":0.0612172456},
{"learn":[0.03317930826],"iteration":862,"passed_time":0.3827836421,"remaining_time":0.06076634875},
{"learn":[0.03311949275],"iteration":863,"passed_time":0.3832189667,"remaining_time":0.06032150403},
{"learn":[0.03311147428],"iteration":864,"passed_time":0.3837002071,"remaining_time":0.05988384736},
{"learn":[0.03305372696],"iteration":865,"passed_time":0.384074533,"remaining_time":0.05942954667},
{"learn":[0.03302150341],"iteration":866,"passed_time":0.3844450256,"remaining_time":0.05897484245},
{"learn":[0.03299422441],"iteration":867,"passed_time":0.3849172661,"remaining_time":0.05853580545},
{"learn":[0.03295949478],"iteration":868,"passed_time":0.3853557157,"remaining_time":0.05809159811},
{"learn":[0.0328513803],"iteration":869,"passed_time":0.386276614,"remaining_time":0.05771949404},
{"learn":[0.03281424473],"iteration":870,"passed_time":0.3867129803,"remaining_time":0.05727436791},
{"learn":[0.03268125724],"iteration":871,"passed_time":0.3871526381,"remaining_time":0.05682974505},
{"learn":[0.03262953085],"iteration":872,"passed_time":0.3875494635,"remaining_time":0.05637890249},
{"learn":[0.03253917633],"iteration":873,"passed_time":0.388695149,"remaining_time":0.05603614276},
{"learn":[0.03251490008],"iteration":874,"passed_time":0.3892183052,"remaining_time":0.05560261503},
{"learn":[0.03247462061],"iteration":875,"passed_time":0.3896619213,"remaining_time":0.05515762357},
{"learn":[0.03243880281],"iteration":876,"passed_time":0.3901237454,"remaining_time":0.05471518893},
{"learn":[0.03241015702],"iteration":877,"passed_time":0.3906481516,"remaining_time":0.05428140603},
{"learn":[0.03236519884],"iteration":878,"passed_time":0.3911607247,"remaining_time":0.05384578804},
{"learn":[0.03233364901],"iteration":879,"passed_time":0.3916055908,"remaining_time":0.05340076238},
{"learn":[0.03231046496],"iteration":880,"passed_time":0.3920008746,"remaining_time":0.05294903981},
{"learn":[0.03228248292],"iteration":881,"passed_time":0.3924273661,"remaining_time":0.0525016204},
{"learn":[0.03225989826],"iteration":882,"passed_time":0.3928264414,"remaining_time":0.05205061568},
{"learn":[0.03223256786],"iteration":883,"passed_time":0.3932920988,"remaining_time":0.05160846545},
{"learn":[0.0321463704],"iteration":884,"passed_time":0.3936969657,"remaining_time":0.05115836277},
{"learn":[0.03210773484],"iteration":885,"passed_time":0.394113249,"remaining_time":0.05070983114},
{"learn":[0.03203652695],"iteration":886,"passed_time":0.3946056559,"remaining_time":0.05027107003},
{"learn":[0.03198668292],"iteration":887,"passed_time":0.3950573552,"remaining_time":0.04982705381},
{"learn":[0.03195956774],"iteration":888,"passed_time":0.395430431,"remaining_time":0.04937320343},
{"learn":[0.03187845008],"iteration":889,"passed_time":0.3957645077,"remaining_time":0.04891471444},
{"learn":[0.0318462963],"iteration":890,"passed_time":0.3961157924,"remaining_time":0.04845860984},
{"learn":[0.03175992109],"iteration":891,"passed_time":0.3965642834,"remaining_time":0.04801450965},
{"learn":[0.03169876966],"iteration":892,"passed_time":0.3970074829,"remaining_time":0.04756976558},
{"learn":[0.03162567888],"iteration":893,"passed_time":0.397382892,"remaining_time":0.0471169872},
{"learn":[0.03159876471],"iteration":894,"passed_time":0.3977703843,"remaining_time":0.04666579927},
{"learn":[0.03154637637],"iteration":895,"passed_time":0.398218042,"remaining_time":0.04622173702},
{"learn":[0.03151048171],"iteration":896,"passed_time":0.3985735766,"remaining_time":0.0457670885},
{"learn":[0.03148352245],"iteration":897,"passed_time":0.3991116908,"remaining_time":0.04533339918},
{"learn":[0.03141282588],"iteration":898,"passed_time":0.3995490987,"remaining_time":0.04488816348},
{"learn":[0.03133482108],"iteration":899,"passed_time":0.3999373826,"remaining_time":0.04443748696},
{"learn":[0.03128723878],"iteration":900,"passed_time":0.4003515827,"remaining_time":0.04398979655},
{"learn":[0.03123650463],"iteration":901,"passed_time":0.4008226566,"remaining_time":0.04354835959},
{"learn":[0.0312053171],"iteration":902,"passed_time":0.4013081053,"remaining_time":0.04310840112},
{"learn":[0.03118238968],"iteration":903,"passed_time":0.4017653878,"remaining_time":0.04266535091},
{"learn":[0.03115335855],"iteration":904,"passed_time":0.402186546,"remaining_time":0.04221847721},
{"learn":[0.03108202544],"iteration":905,"passed_time":0.4025973712,"remaining_time":0.04177058818},
{"learn":[0.03101409118],"iteration":906,"passed_time":0.4029917383,"remaining_time":0.04132109334},
{"learn":[0.0309707924],"iteration":907,"passed_time":0.403357856,"remaining_time":0.04086885765},
{"learn":[0.03094480036],"iteration":908,"passed_time":0.4037429316,"remaining_time":0.04041870932},
{"learn":[0.03089672736],"iteration":909,"passed_time":0.4041876727,"remaining_time":0.03997460499},
{"learn":[0.03083971545],"iteration":910,"passed_time":0.404606081,"remaining_time":0.03952792669},
{"learn":[0.03080344071],"iteration":911,"passed_time":0.4049921983,"remaining_time":0.03907819457},
{"learn":[0.03077650962],"iteration":912,"passed_time":0.4053972735,"remaining_time":0.03863040832},
{"learn":[0.03069801513],"iteration":913,"passed_time":0.4057854741,"remaining_time":0.03818112776},
{"learn":[0.03063481513],"iteration":914,"passed_time":0.4062092573,"remaining_time":0.0377352862},
{"learn":[0.0305954418],"iteration":915,"passed_time":0.4065820832,"remaining_time":0.03728481986},
{"learn":[0.03053740109],"iteration":916,"passed_time":0.406958534,"remaining_time":0.03683485095},
{"learn":[0.03046842607],"iteration":917,"passed_time":0.4073519845,"remaining_time":0.0363865607},
{"learn":[0.03044324772],"iteration":918,"passed_time":0.4077474349,"remaining_time":0.03593856608},
{"learn":[0.03042159938],"iteration":919,"passed_time":0.4081862178,"remaining_time":0.03549445372},
{"learn":[0.03034666582],"iteration":920,"passed_time":0.4086028761,"remaining_time":0.03504845517},
{"learn":[0.03028197931],"iteration":921,"passed_time":0.4089857435,"remaining_time":0.0345996616},
{"learn":[0.03020938043],"iteration":922,"passed_time":0.4095699401,"remaining_time":0.03416780649},
{"learn":[0.03017481761],"iteration":923,"passed_time":0.4100461806,"remaining_time":0.03372674213},
{"learn":[0.03014999121],"iteration":924,"passed_time":0.4105439624,"remaining_time":0.0332873483},
{"learn":[0.03009247882],"iteration":925,"passed_time":0.4109326213,"remaining_time":0.03283910796},
{"learn":[0.03001548837],"iteration":926,"passed_time":0.4113941954,"remaining_time":0.03239673815},
{"learn":[0.02996338601],"iteration":927,"passed_time":0.4118177286,"remaining_time":0.03195137549},
{"learn":[0.02993387393],"iteration":928,"passed_time":0.4122359702,"remaining_time":0.03150565542},
{"learn":[0.02985578979],"iteration":929,"passed_time":0.4126305873,"remaining_time":0.03105821625},
{"learn":[0.02982445535],"iteration":930,"passed_time":0.4130331626,"remaining_time":0.03061148037},
{"learn":[0.02974812842],"iteration":931,"passed_time":0.4134166966,"remaining_time":0.03016344997},
{"learn":[0.02967565782],"iteration":932,"passed_time":0.4138170219,"remaining_time":0.02971676363},
{"learn":[0.02962922571],"iteration":933,"passed_time":0.4142294304,"remaining_time":0.02927103041},
{"learn":[0.02960885351],"iteration":934,"passed_time":0.4147427951,"remaining_time":0.02883238683},
{"learn":[0.02956248933],"iteration":935,"passed_time":0.415146037,"remaining_time":0.02838605382},
{"learn":[0.02949650983],"iteration":936,"passed_time":0.4155572372,"remaining_time":0.02794034786},
{"learn":[0.02945716658],"iteration":937,"passed_time":0.4160561022,"remaining_time":0.02750050995},
{"learn":[0.0294089648],"iteration":938,"passed_time":0.4165145097,"remaining_time":0.0270579181},
{"learn":[0.02933890599],"iteration":939,"passed_time":0.4169090435,"remaining_time":0.02661121554},
{"learn":[0.02931869242],"iteration":940,"passed_time":0.4173502847,"remaining_time":0.02616755239},
{"learn":[0.02923027387],"iteration":941,"passed_time":0.417917315,"remaining_time":0.02573163935},
{"learn":[0.02917987517],"iteration":942,"passed_time":0.4183099322,"remaining_time":0.02528490576},
{"learn":[0.02910954234],"iteration":943,"passed_time":0.4187158824,"remaining_time":0.02483907777},
{"learn":[0.02908552504],"iteration":944,"passed_time":0.4191117495,"remaining_time":0.02439274732},
{"learn":[0.02906216642],"iteration":945,"passed_time":0.4195585322,"remaining_time":0.02394942996},
{"learn":[0.0290386435],"iteration":946,"passed_time":0.4199563576,"remaining_time":0.02350336531},
{"learn":[0.0289669662],"iteration":947,"passed_time":0.4203661827,"remaining_time":0.02305806066},
{"learn":[0.02894578995],"iteration":948,"passed_time":0.420738342,"remaining_time":0.02261080658},
{"learn":[0.02891879017],"iteration":949,"passed_time":0.4211982078,"remaining_time":0.02216832672},
{"learn":[0.02885278238],"iteration":950,"passed_time":0.4217401969,"remaining_time":0.02173004169},
{"learn":[0.02883017921],"iteration":951,"passed_time":0.4221487304,"remaining_time":0.02128480994},
{"learn":[0.02877475371],"iteration":952,"passed_time":0.4225153898,"remaining_time":0.02083759005},
{"learn":[0.02870235427],"iteration":953,"passed_time":0.4229478395,"remaining_time":0.02039371134},
{"learn":[0.02865639681],"iteration":954,"passed_time":0.4241053997,"remaining_time":0.01998402407},
{"learn":[0.0286348898],"iteration":955,"passed_time":0.4251274626,"remaining_time":0.01956653593},
{"learn":[0.02861168284],"iteration":956,"passed_time":0.4255948699,"remaining_time":0.01912286249},
{"learn":[0.02854557489],"iteration":957,"passed_time":0.4260038617,"remaining_time":0.01867657849},
{"learn":[0.02852276384],"iteration":958,"passed_time":0.4263881041,"remaining_time":0.01822931415},
{"learn":[0.02849454259],"iteration":959,"passed_time":0.4268093873,"remaining_time":0.01778372447},
{"learn":[0.02847465317],"iteration":960,"passed_time":0.4272020045,"remaining_time":0.01733702203},
{"learn":[0.02845285684],"iteration":961,"passed_time":0.427656912,"remaining_time":0.01689289258},
{"learn":[0.02843500639],"iteration":962,"passed_time":0.4280811536,"remaining_time":0.01644756249},
{"learn":[0.02841353485],"iteration":963,"passed_time":0.4285034368,"remaining_time":0.01600220303},
{"learn":[0.02836965004],"iteration":964,"passed_time":0.4289893021,"remaining_time":0.01555919748},
{"learn":[0.02833390244],"iteration":965,"passed_time":0.4293995855,"remaining_time":0.01511344297},
{"learn":[0.02832430251],"iteration":966,"passed_time":0.4298353268,"remaining_time":0.0146686306},
{"learn":[0.02825458644],"iteration":967,"passed_time":0.4302869845,"remaining_time":0.01422436312},
{"learn":[0.02823133565],"iteration":968,"passed_time":0.4307320172,"remaining_time":0.01377986846},
{"learn":[0.02819894041],"iteration":969,"passed_time":0.4312785063,"remaining_time":0.0133385105},
{"learn":[0.02815785923],"iteration":970,"passed_time":0.4317259141,"remaining_time":0.01289397684},
{"learn":[0.02813686404],"iteration":971,"passed_time":0.4321276144,"remaining_time":0.01244812058},
{"learn":[0.0281132434],"iteration":972,"passed_time":0.4325685222,"remaining_time":0.01200344306},
{"learn":[0.02806185791],"iteration":973,"passed_time":0.4338205805,"remaining_time":0.01158042617},
{"learn":[0.0280378103],"iteration":974,"passed_time":0.4343981523,"remaining_time":0.01113841416},
{"learn":[0.02797066926],"iteration":975,"passed_time":0.4348891842,"remaining_time":0.01069399633},
{"learn":[0.0279305528],"iteration":976,"passed_time":0.4353111757,"remaining_time":0.01024785777},
{"learn":[0.02789315453],"iteration":977,"passed_time":0.4357620417,"remaining_time":0.009802418117},
{"learn":[0.0278724834],"iteration":978,"passed_time":0.436330822,"remaining_time":0.009359496693},
{"learn":[0.02785710456],"iteration":979,"passed_time":0.4367579385,"remaining_time":0.008913427316},
{"learn":[0.02781301579],"iteration":980,"passed_time":0.4371579305,"remaining_time":0.008466871233},
{"learn":[0.02779448446],"iteration":981,"passed_time":0.4375917135,"remaining_time":0.008021029372},
{"learn":[0.02777466628],"iteration":982,"passed_time":0.4380712039,"remaining_time":0.007576002509},
{"learn":[0.02771390022],"iteration":983,"passed_time":0.4384647377,"remaining_time":0.00712950793},
{"learn":[0.02764996848],"iteration":984,"passed_time":0.4388658964,"remaining_time":0.006683237},
{"learn":[0.02763066317],"iteration":985,"passed_time":0.4392838047,"remaining_time":0.006237295401},
{"learn":[0.02758728702],"iteration":986,"passed_time":0.4397041296,"remaining_time":0.005791442437},
{"learn":[0.0275293776],"iteration":987,"passed_time":0.44010158,"remaining_time":0.00534536332},
{"learn":[0.02749893583],"iteration":988,"passed_time":0.4405037386,"remaining_time":0.004899434909},
{"learn":[0.02747920704],"iteration":989,"passed_time":0.4409362717,"remaining_time":0.004453901734},
{"learn":[0.02741069963],"iteration":990,"passed_time":0.4413910126,"remaining_time":0.004008596481},
{"learn":[0.02732761644],"iteration":991,"passed_time":0.4417685884,"remaining_time":0.003562649906},
{"learn":[0.02724904201],"iteration":992,"passed_time":0.4421866217,"remaining_time":0.003117126235},
{"learn":[0.02722938644],"iteration":993,"passed_time":0.4425773639,"remaining_time":0.002671493142},
{"learn":[0.02718724126],"iteration":994,"passed_time":0.4430088136,"remaining_time":0.002226174943},
{"learn":[0.02712263421],"iteration":995,"passed_time":0.4434511797,"remaining_time":0.001780928433},
{"learn":[0.02708031581],"iteration":996,"passed_time":0.4439599196,"remaining_time":0.001335887421},
{"learn":[0.02703246326],"iteration":997,"passed_time":0.4443675781,"remaining_time":0.0008905161885},
{"learn":[0.02700072362],"iteration":998,"passed_time":0.4448348604,"remaining_time":0.0004452801406},
{"learn":[0.02695496508],"iteration":999,"passed_time":0.4452704767,"remaining_time":0}
]}