{
"meta":{"test_sets":[],"test_metrics":[],"learn_metrics":[{"best_value":"Min","name":"RMSE"}],"launch_mode":"Train","parameters":"","iteration_count":1000,"learn_sets":["learn"],"name":"experiment"},
"iterations":[
{"learn":[65.16201453],"iteration":0,"passed_time":0.001586625,"remaining_time":1.585038375},
{"learn":[62.64767608],"iteration":1,"passed_time":0.002391625,"remaining_time":1.193420875},
{"learn":[60.36023542],"iteration":2,"passed_time":0.003073083333,"remaining_time":1.021288028},
{"learn":[58.11005236],"iteration":3,"passed_time":0.003634916667,"remaining_time":0.90509425},
{"learn":[55.92301355],"iteration":4,"passed_time":0.004396833333,"remaining_time":0.8749698333},
{"learn":[53.88093478],"iteration":5,"passed_time":0.005069166667,"remaining_time":0.8397919444},
{"learn":[51.94824411],"iteration":6,"passed_time":0.005686166667,"remaining_time":0.8066233571},
{"learn":[50.15878428],"iteration":7,"passed_time":0.006396916667,"remaining_time":0.7932176667},
{"learn":[48.50486415],"iteration":8,"passed_time":0.007153708333,"remaining_time":0.7877027731},
{"learn":[46.95890402],"iteration":9,"passed_time":0.007933291667,"remaining_time":0.785395875},
{"learn":[45.48472133],"iteration":10,"passed_time":0.008698791667,"remaining_time":0.7821004508},
{"learn":[44.11413478],"iteration":11,"passed_time":0.009393,"remaining_time":0.773357},
{"learn":[42.81421344],"iteration":12,"passed_time":0.01008395833,"remaining_time":0.7656051442},
{"learn":[41.60718224],"iteration":13,"passed_time":0.01069233333,"remaining_time":0.7530457619},
{"learn":[40.44867059],"iteration":14,"passed_time":0.011266,"remaining_time":0.7398006667},
{"learn":[39.35563128],"iteration":15,"passed_time":0.01194133333,"remaining_time":0.734392},
{"learn":[38.33247081],"iteration":16,"passed_time":0.01264775,"remaining_time":0.7313375441},
{"learn":[37.38768657],"iteration":17,"passed_time":0.01327729167,"remaining_time":0.7243500231},
{"learn":[36.49950873],"i,
{"learn":[36.51763133],"iteration":18,"passed_time":0.01372350154,"re,
{"learn":[35.67725628],"i,
{"learn":[35.71350555],"iteration":19,"passed_time":0.0144168118,
{"learn":[34.93771825],"itera,
{"learn":[34.97218612],"iteration":20,"passed_time":0.01520441058,
{"learn":[34.24399474],"itera,
{"learn":[34.28182347],"iteration":21,"passed_time":0.01584359764,
{"learn":[33.56963299],"itera,
{"learn":[33.60851473],"iteration":22,"passed_time":0.016537,
{"learn":[32.97054212],"iteration,
{"learn":[32.98872096],"iteration":23,"passed_time":0.0172456,
{"learn":[32.39102123],"iteration,
{"learn":[32.4086262],"iteration":24,"passed_time":0.017,
{"learn":[31.86391628],"iteration":25,
{"learn":[31.87467129],"iteration":25,"passed_time":0.018,
{"learn":[31.39179927],"iteration":26,
{"learn":[31.38398089],"iteration":26,"passed_time":0.,
{"learn":[30.93455145],"iteration":27,"p,
{"learn":[30.94192466],"iteration":27,"passed_time":0.,
{"learn":[30.51062501],"iteration":28,,
{"learn":[30.51445792],"iteration":28,"passed_time":0.,
{"learn":[30.10668899],"iteration":29,"p,
{"learn":[30.12113702],"iteration":29,"passed_time",
{"learn":[29.73375831],"iteration":30,"pass,
{"learn":[29.763829],"iteration":30,"passed_ti,
{"learn":[29.42214031],"iteration":31,"passed_,
{"learn":[29.43124328],"iteration":31,"passed,
{"learn":[29.14292635],"iteration":32,"passed_tim,
{"learn":[29.1209451],"iteration":32,"pass,
{"learn":[28.84637472],"iteration":33,"passed_time",
{"learn":[28.8428175],"iteration":33,"pas,
{"learn":[28.58119129],"iteration":34,"passed_time":,
{"learn":[28.58540241],"iteration":34,",
{"learn":[28.34379006],"iteration":35,"passed_time":0.0,
{"learn":[28.34589961],"iteration":35,",
{"learn":[28.11531763],"iteration":36,"passed_time":0.025632,"remaining_time":0.6671247568},
{"learn":[27.91230881],"iteration":37,"passed_time":0.02633529167,"remaining_time":0.6666986996},
{"learn":[27.72665386],"iteration":38,"passed_time":0.026991,
{"learn":[27.745531],"iteration,
{"learn":[27.54966236],"iteration":39,"passed_time":0.0277254,
{"learn":[27.57949025],"itera,
{"learn":[27.39333348],"iteration":40,"passed_time":0.02837383333,
{"learn":[27.42712504],"itera,
{"learn":[27.24288534],"iteration":41,"passed_time":0.0289674583,
{"learn":[27.28105134],"iterat,
{"learn":[27.11005691],"iteration":42,"passed_time":0.029559958,
{"learn":[27.13346556],"iterati,
{"learn":[26.99064509],"iteration":43,"passed_time":0.030222958,
{"learn":[27.00762291],"iterati,
{"learn":[26.89199531],"iteration":44,"passed_time":0.03083575,,
{"learn":[26.89384694],"iter,
{"learn":[26.79667997],"iteration":45,"passed_time":0.03157908333,,
{"learn":[26.79249219],"iter,
{"learn":[26.69867044],"iteration":46,"passed_time":0.03223533333,,
{"learn":[26.69330484],"iter,
{"learn":[26.61596236],"iteration":47,"passed_time":0.032841875,"r,
{"learn":[26.59804419],"it,
{"learn":[26.52848214],"iteration":48,"passed_time":0.03347704167,"r,
{"learn":[26.52036312],"it,
{"learn":[26.44278617],"iteration":49,"passed_time":0.03414020833,"remaining_time":0.6486639583},
{"learn":[26.37178656],"iteration":50,"passed_time":0.034756875,"remaining_time":0.6467504779},
{"learn":[26.31100702],"iteration":51,"passed_time":0.03530804167,"re,
{"learn":[26.31271035],"i,
{"learn":[26.25313559],"iteration":52,"passed_time":0.03606704167,"re,
{"learn":[26.26107156],"i,
{"learn":[26.1982969],"iteration":53,"passed_time":0.03668345833,"rem,
{"learn":[26.20053516],",
{"learn":[26.14256785],"iteration":54,"passed_time":0.03722741667,"re,
{"learn":[26.14144786],"i,
{"learn":[26.09558902],"iteration":55,"passed_time":0.03792566667,"re,
{"learn":[26.08975796],",
{"learn":[26.05555973],"iteration":56,"passed_time":0.03856408333,"rem,
{"learn":[26.05127045],",
{"learn":[26.00871544],"iteration":57,"passed_time":0.039157,"remainin,
{"learn":[26.006851,
{"learn":[25.97361738],"iteration":58,"passed_time":0.03982879167,"remainin,
{"learn":[25.973897,
{"learn":[25.9420503],"iteration":59,"passed_time":0.04044508333,"remaini,
{"learn":[25.9400242,
{"learn":[25.91248906],"iteration":60,"passed_time":0.04097079167,"remaini,
{"learn":[25.9114127,
{"learn":[25.88584226],"iteration":61,"passed_time":0.04172666667,"remai,
{"learn":[25.87982839,
{"learn":[25.85625042],"iteration":62,"passed_time":0.04230654167,"remain,
{"learn":[25.85315526,
{"learn":[25.82500463],"iteration":63,"passed_time":0.04298616667,"remain,
{"learn":[25.82479064,
{"learn":[25.79936029],"iteration":64,"passed_time":0.04359675,"remaining,
{"learn":[25.80282,
{"learn":[25.77965328],"iteration":65,"passed_time":0.044184875,"remaining_t,
{"learn":[25.78,
{"learn":[25.75478528],"iteration":66,"passed_time":0.04476391667,"remaining_ti,
{"learn":[25.76,
{"learn":[25.73885306],"iteration":67,"passed_time":0.04543704167,"remaining_t,
{"learn":[25.749,
{"learn":[25.71842551],"iteration":68,"passed_time":0.04621029167,"remaining_time":0.6235040803},
{"learn":[25.70057003],"iteration":69,"passed_time":0.04689775,"remaining_time":0.6230701071},
{"learn":[25.68610414],"iteration":70,"passed_time":0.04741541667,"remaining_time":0.6204073533},
{"learn":[25.66727177],"iteration":71,"passed_time":0.048060125,"remaining_time":0.6194416111},
{"learn":[25.6545856],"iteration":72,"passed_time":0.04867529167,"remaining_time":0.6181095257},
{"learn":[25.64498579],"iteration":73,"passed_time":0.04932033333,"remaining_time":0.6171706577},
{"learn":[25.63408108],"iteration":74,"passed_time":0.04994791667,"remaining_time":0.6160243056},
{"learn":[25.62556934],"iteration":75,"passed_time":0.050601625,"remaining_time":0.6152092303},
{"learn":[25.61353825],"iteration":76,"passed_time":0.05117145833,"remaining_time":0.6133929356},
{"learn":[25.60522052],"iteration":77,"passed_time":0.05181941667,"remaining_time":0.6125320791},
{"learn":[25.59830036],"iteration":78,"passed_time":0.05243508333,"remaining_time":0.6113001487},
{"learn":[25.59190295],"iteration":79,"passed_time":0.05305829167,"remaining_time":0,
{"learn":[,
{"learn":[25.58303956],"iteration":80,"passed_time":0.05374404167,"remaining_time":0,
{"learn":[,
{"learn":[25.57489239],"iteration":81,"passed_time":0.054414375,"remaining_time":0.609175564},
{"learn":[25.56174316],"iteration":82,"passed_time":0.05499225,"remaining_time":0.60756,
{"le,
{"learn":[25.55068579],"iteration":83,"passed_time":0.05565379167,"remaining_time":0.6068,
{"lea,
{"learn":[25.54455004],"iteration":84,"passed_time":0.05632875,"remaining_time":0.6063624,
{",
{"learn":[25.5373856],"iteration":85,"passed_time":0.05694654167,"remaining_time":0.60522254,
{,
{"learn":[25.5286339],"iteration":86,"passed_time":0.05749020833,"remaining_time":0.603316784,,
{"learn":[25.52456546],"iteration":87,"passed_time":0.05810929167,"remaining_time":0.6022235682,,
{"learn":[25.52127083],"iteration":88,"passed_time":0.05871183333,"remaining_time":0.600971687,
,
{"learn":[25.51435189],"iteration":89,"passed_time":0.059460875,"remaining_time":0.6012155139},
{"learn":[25.51013438],"iteration":90,"passed_time":0.06019429167,"remaining_time":0.6012814409},
{"learn":[25.50345508],"iteration":91,"passed_time":0.06095341667,"remaining_time":0.601583721},
{"learn":[25.4991785],"iteration":92,"passed_time":0.06155654167,"remaining_time":0.6003417558},
{"learn":[25.4913381],"iteration":93,"passed_time":0.062180125,"remaining_time":0.5993105665},
{"learn":[25.48665416],"iteration":94,"passed_time":0.06282554167,"remaining_time":0.5984959496},
{"learn":[25.47974792],"iteration":95,"passed_time":0.06339158333,"remaining_time":0.5969374097},
{"learn":[25.47517809],"iteration":96,"passed_time":0.06406783333,"remaining_time":0.5964252938},
{"learn":[25.4659174],"iteration":97,"passed_time":0.06471670833,"remaining_time":0.5956578665},
{"learn":[25.46265647],"iteration":98,"passed_time":0.065305625,"remaining_time":0.5943471528},
{"learn":[25.45648751],"iteration":99,"passed_time":0.06595270833,"remaining_time":0.593574375},
{"learn":[25.44336979],"iteration":100,"passed_time":0.06655533333,"remaining_time":0.592408363},
{"learn":[25.43471805],"iteration":101,"passed_time":0.06722216667,"remaining_time":0.591818683},
{"learn":[25.42844082],"iteration":102,"passed_time":0.06782975,"remaining_time":0.5907115121},
{"learn":[25.42002576],"iteration":103,"passed_time":0.06852425,"remaining_time":0.5903627692},
{"learn":[25.41279544],"iteration":104,"passed_time":0.069105625,"remaining_time":0.5890431845},
{"learn":[25.40528866],"iteration":105,"passed_time":0.069662125,"remaining_time":0.5875277335},
{"learn":[25.40155369],"iteration":106,"passed_time":0.07037433333,"remaining_time":0.5873297165},
{"learn":[25.39654258],"iteration":107,"passed_time":0.07109354167,"remaining_time":0.5871799923},
{"learn":[25.39431809],"iteration":108,"passed_time":0.07172975,"remaining_time":0.5863413509},
{"learn":[25.3902934],"iteration":109,"passed_time":0.07238075,"remaining_time":0.5856260682},
{"learn":[25.3870881],"iteration":110,"passed_time":0.07303720833,"remaining_time":0.5849556595},
{"learn":[25.38405382],"iteration":111,"passed_time":0.07367454167,"remaining_time":0.5841338661},
{"learn":[25.37431189],"iteration":112,"passed_time":0.07428941667,"remaining_time":0.5831390494},
{"learn":[25.36986309],"iteration":113,"passed_time":0.07523458333,"remaining_time":0.584717902},
{"learn":[25.36740102],"iteration":114,"passed_time":0.07586170833,"remaining_time":0.5838053207},
{"learn":[25.35988022],"iteration":115,"passed_time":0.076604,"remaining_time":0.5837753103},
{"learn":[25.35655717],"iteration":116,"passed_time":0.07733145833,"remaining_time":0.583621177},
{"learn":[25.35407438],"iteration":117,"passed_time":0.07803408333,"remaining_time":0.5832717076},
{"learn":[25.34052544],"iteration":118,"passed_time":0.078806625,"remaining_time":0.5834339212},
{"learn":[25.33583139],"iteration":119,"passed_time":0.07950725,"remaining_time":0.5830531667},
{"learn":[25.33387406],"i,
{"learn":[25.3427196],"iteration":119,"passed_time":0.07979942718,"r,
{"learn":[25.32692112],"it,
{"learn":[25.33836488],"iteration":120,"passed_time":0.0806088169,"re,
{"learn":[25.32073458],"i,
{"learn":[25.33410393],"iteration":121,"passed_time":0.08132879294,"re,
{"learn":[25.30832451],"i,
{"learn":[25.33171348],"iteration":122,"passed_time":0.08196002193,"r,
{"learn":[25.30522552],"it,
{"learn":[25.32987108],"iteration":123,"passed_time":0.08267970631,
{"learn":[25.29832716],"itera,
{"learn":[25.3238576],"iteration":124,"passed_time":0.08337784973,,
{"learn":[25.29520583],"iter,
{"learn":[25.31689666],"iteration":125,"passed_time":0.08402345325,,
{"learn":[25.28836287],"iter,
{"learn":[25.31417023],"iteration":126,"passed_time":0.0848794247,
{"learn":[25.28454293],"iterat,
{"learn":[25.31108879],"iteration":127,"passed_time":0.0854116570,
{"learn":[25.27186838],"iterat,
{"learn":[25.30690147],"iteration":128,"passed_time":0.0861053839,
{"learn":[25.26775884],"iterat,
{"learn":[25.30336748],"iteration":129,"passed_time":0.08694189,
{"learn":[25.26250999],"iteratio,
{"learn":[25.29018738],"iteration":130,"passed_time":0.08771024,
{"learn":[25.2523157],"iteratio,
{"learn":[25.2865779],"iteration":131,"passed_time":0.08841534,
{"learn":[25.24493489],"iteratio,
{"learn":[25.27706094],"iteration":132,"passed_time":0.08923090,
{"learn":[25.24184489],"iteratio,
{"learn":[25.26706175],"iteration":133,"passed_time":0.08987659,
{"learn":[25.23752048],"iteratio,
{"learn":[25.26609521],"iteration":134,"passed_time":0.09058981,
{"learn":[25.22809457],"iterati,
{"learn":[25.26375958],"iteration":135,"passed_time":0.0912820,
{"learn":[25.22557378],"iteration,
{"learn":[25.25743821],"iteration":136,"passed_time":0.0920523,
{"learn":[25.22360029],"iterati,
{"learn":[25.24720006],"iteration":137,"passed_time":0.092693081,
{"learn":[25.22238903],"iterati,
{"learn":[25.2455349],"iteration":138,"passed_time":0.0934758052,
{"learn":[25.2199272],"iterati,
{"learn":[25.24351899],"iteration":139,"passed_time":0.094174865,
{"learn":[25.21155721],"iterati,
{"learn":[25.23640616],"iteration":140,"passed_time":0.0949858,
{"learn":[25.20989201],"iteration,
{"learn":[25.23342216],"iteration":141,"passed_time":0.0957583,
{"learn":[25.20147357],"iteration,
{"learn":[25.22520015],"iteration":142,"passed_time":0.09651,
{"learn":[25.19515864],"iteration":,
{"learn":[25.22191152],"iteration":143,"passed_time":0.09,
{"learn":[25.19057396],"iteration":145,
{"learn":[25.21388983],"iteration":144,"passed_time":0.,
{"learn":[25.18406072],"iteration":146,",
{"learn":[25.20886915],"iteration":145,"passed_time",
{"learn":[25.17810868],"iteration":147,"pas,
{"learn":[25.20237588],"iteration":146,"passed_time",
{"learn":[25.17502633],"iteration":148,"pas,
{"learn":[25.19448443],"iteration":147,"passed_time",
{"learn":[25.17157143],"iteration":149,"pas,
{"learn":[25.18985803],"iteration":148,"passed_time,
{"learn":[25.16933181],"iteration":150,"pas,
{"learn":[25.17964266],"iteration":149,"passed_time,
{"learn":[25.16469978],"iteration":151,"passed_time":0.102344625,"remaining_time":0.5709752763},
{"learn":[25.15791227],"iteration":152,"passed_time":0.1030450417,"remaining_time":0.5704519627},
{"learn":[25.15021052],"iteration":153,"passed_time":0.1037112083,"remaining_time":0.5697381964},
{"learn":[25.14319191],"iteration":154,"passed_time":0.1044942917,"remaining_time":0.5696624288},
{"learn":[25.13783049],"iteration":155,"passed_time":0.1052580833,"remaining_time":0.5694732201},
{"learn":[25.13449118],"iteration":156,"pa,
{"learn":[25.15032079],"iteration":155,"passed_time",
{"learn":[25.12548679],"iteration":157,"pa,
{"learn":[25.13892173],"iteration":156,"passed_time,
{"learn":[25.11841309],"iteration":158,"pas,
{"learn":[25.12922816],"iteration":157,"passed_time,
{"learn":[25.11012393],"iteration":159,"pas,
{"learn":[25.12649468],"iteration":158,"passed_time,
{"learn":[25.10343358],"iteration":160,"pas,
{"learn":[25.11676527],"iteration":159,"passed_time,
{"learn":[25.08621998],"iteration":161,"pas,
{"learn":[25.11197088],"iteration":160,"passed_time,
{"learn":[25.07920978],"iteration":162,"pas,
{"learn":[25.10237402],"iteration":161,"passed_tim,
{"learn":[25.07767917],"iteration":163,"pass,
{"learn":[25.09532399],"iteration":162,"passed_tim,
{"learn":[25.07024214],"iteration":164,"pass,
{"learn":[25.08990383],"iteration":163,"passed_tim,
{"learn":[25.05780082],"iteration":165,"pas,
{"learn":[25.07968726],"iteration":164,"passed_tim,
{"learn":[25.04714014],"iteration":166,"pass,
{"learn":[25.07741778],"iteration":165,"passed_tim,
{"learn":[25.04255076],"iteration":167,"pass,
{"learn":[25.06719453],"iteration":166,"passed_ti,
{"learn":[25.04108496],"iteration":168,"passe,
{"learn":[25.05705749],"iteration":167,"passed_t,
{"learn":[25.03339993],"iteration":169,"passed,
{"learn":[25.04416427],"iteration":168,"passed_t,
{"learn":[25.02194838],"iteration":170,"passed,
{"learn":[25.03275451],"iteration":169,"passed_t,
{"learn":[25.00938323],"iteration":171,"passed,
{"learn":[25.02038527],"iteration":170,"passed_,
{"learn":[25.00163543],"iteration":172,"passed_,
{"learn":[25.01390902],"iteration":171,"passed_,
{"learn":[24.99528537],"iteration":173,"passed_,
{"learn":[25.00673199],"iteration":172,"passed,
{"learn":[24.98265706],"iteration":174,"passed,
{"learn":[24.99746255],"iteration":173,"passed_,
{"learn":[24.97601914],"iteration":175,"passed_,
{"learn":[24.98893701],"iteration":174,"passed_,
{"learn":[24.97432845],"iteration":176,"passed_,
{"learn":[24.97862116],"iteration":175,"passed_,
{"learn":[24.96669904],"iteration":177,"passed_,
{"learn":[24.97380967],"iteration":176,"passed_,
{"learn":[24.96182641],"iteration":178,"passed,
{"learn":[24.96982432],"iteration":177,"passed_time":0.121734573,"remaining_time":0.5621675226},
{"learn":[24.96144851],"iteration":178,"passed_,
{"learn":[24.95114015],"iteration":180,"passed,
{"learn":[24.95802977],"iteration":179,"passed_t,
{"learn":[24.94229223],"iteration":181,"passed,
{"learn":[24.95072621],"iteration":180,"passed_t,
{"learn":[24.92696215],"iteration":182,"passe,
{"learn":[24.94214424],"iteration":181,"passe,
{"learn":[24.91624163],"iteration":183,"passed_ti,
{"learn":[24.93310177],"iteration":182,"passe,
{"learn":[24.90467533],"iteration":184,"passed_ti,
{"learn":[24.92029573],"iteration":183,"passe,
{"learn":[24.89225589],"iteration":185,"passed_ti,
{"learn":[24.91155288],"iteration":184,"pas,
{"learn":[24.88490576],"iteration":186,"passed_time,
{"learn":[24.90537486],"iteration":185,"pas,
{"learn":[24.87514236],"iteration":187,"passed_time,
{"learn":[24.89873418],"iteration":186,"pas,
{"learn":[24.86676217],"iteration":188,"passed_time,
{"learn":[24.8877495],"iteration":187,"pas,
{"learn":[24.85758181],"iteration":189,"passed_time,
{"learn":[24.87777904],"iteration":188,"pas,
{"learn":[24.84704882],"iteration":190,"passed_time,
{"learn":[24.86749437],"iteration":189,"pas,
{"learn":[24.83462112],"iteration":191,"passed_time,
{"learn":[24.85954014],"iteration":190,"p,
{"learn":[24.82335139],"iteration":192,"passed_time":,
{"learn":[24.85813964],"iteration":191,"passed_time":0.1318207373,"remaining_time":0.5547456028},
{"learn":[24.84798536],"iteration":192,"passed_time":0.1323764688,"remaining_time":0.5535119706},
{"learn":[24.83893885],"iteration":193,"passed_time":0.132982657,"remaining_time":0.5524949562},
{"learn":[24.8312198],"iteration":194,"passed_time":0.133583512,"remaining_time":0.5514601391},
{"learn":[24.81993835],"iteration":19,
{"learn":[24.78301361],"iteration":197,"passed_time":0.13,
{"learn":[24.81008652],"iteration":196,"passed_time":0.1349966732,"remaining_time":0.5502656275},
{"learn":[24.80154126],"iteration":19,
{"learn":[24.76355833],"iteration":199,"passed_time":0.13,
{"learn":[24.78972542],"iteration":19,
{"learn":[24.75686383],"iteration":200,"passed_time":0.13,
{"learn":[24.77858768],"iteration":19,
{"learn":[24.74816321],"iteration":201,"passed_time":0.13,
{"learn":[24.76646157],"iteration":200,"passed_time":0.1376925418,"remaining_time":0.5473449798},
{"learn":[24.75881179],"iteration":201,"passed_time":0.1383745608,"remaining_time":0.5466480175},
{"learn":[24.7463248],"iteration":202,"passed_time":0.1391709926,"remaining_time":0.5464003997},
{"learn":[24.73811066],"iteration":203,"passed_time":0.1399401754,"remaining_time":0.5460410764},
{"learn":[24.72582609],"iteration":204,"passed_time":0.1406899837,"remaining_time":0.5456026199},
{"learn":[24.71714826],"iteration":205,"passed_time":0.1413689195,"remaining_time":0.5448879712},
{"learn":[24.71280945],"iteration":206,"passed_time":0.1420846873,"remaining_time":0.5443147683},
{"learn":[24.70421334],"iteration":207,"passed_time":0.1427520818,"remaining_time":0.5435560037},
{"learn":[24.69590662],"iteration":208,"passed_time":0.1435303059,"remaining_time":0.5432175691},
{"learn":[24.68777973],"iteration":209,"passed_time":0.1442082416,"remaining_time":0.5424976709},
{"learn":[24.67869224],"iteration":210,"passed_time":0.1449795076,"remaining_time":0.5421271636},
{"learn":[24.67239618],"iteration":211,"passed_time":0.1457338159,"remaining_time":0.5416898438},
{"learn":[24.6657157],"iteration":212,"passed_time":0.1462897974,"remaining_time":0.540516763},
{"learn":[24.65809076],"iteration":213,"passed_time":0.1472191414,"remaining_time":0.5407207718},
{"learn":[24.64534389],"iteration":214,"passed_time":0.1481826093,"remaining_time":0.5410388295},
{"learn":[24.63428306],"iteration":215,"passed_time":0.1488937107,"remaining_time":0.5404290239},
{"learn":[24.62182709],"iteration":216,"passed_time":0.1496923924,"remaining_time":0.5401343008},
{"learn":[24.61065643],"iteration":217,"passed_time":0.1504981989,"remaining_time":0.5398605118},
{"learn":[24.60200802],"iteration":218,"passed_time":0.1512994639,"remaining_time":0.5395656682},
{"learn":[24.58920943],"iteration":219,"passed_time":0.1522132669,"remaining_time":0.5396652188},
{"learn":[24.58420687],"iteration":220,"passed_time":0.1530072821,"remaining_time":0.5393333609},
{"learn":[24.56997951],"iteration":221,"passed_time":0.1537347579,"remaining_time":0.5387641515},
{"learn":[24.56312965],"iteration":222,"passed_time":0.1545444393,"remaining_time":0.538479952},
{"learn":[24.55700127],"iteration":223,"passed_time":0.1552788315,"remaining_time":0.5379302376},
{"learn":[24.55542764],"iteration":224,"passed_time":0.1560695968,"remaining_time":0.5375730557},
{"learn":[24.54937752],"iteration":225,"passed_time":0.1569006108,"remaining_time":0.5373498796},
{"learn":[24.53902468],"iteration":226,"passed_time":0.1577742484,"remaining_time":0.5372664935},
{"learn":[24.53297007],"iteration":227,"passed_time":0.1584069774,"remaining_time":0.5363604672},
{"learn":[24.52333898],"iteration":228,"passed_time":0.159199076,"remaining_time":0.5359933956},
{"learn":[24.51498254],"iteration":229,"passed_time":0.1599321766,"remaining_time":0.5354251129},
{"learn":[24.50382796],"iteration":230,"passed_time":0.1604946995,"remaining_time":0.5342875495},
{"learn":[24.49227418],"iteration":231,"passed_time":0.1613468795,"remaining_time":0.534113808},
{"learn":[24.49078846],"iteration":232,"passed_time":0.1620680638,"remaining_time":0.5335030256},
{"learn":[24.4893396],"iteration":233,"passed_time":0.162753291,"remaining_time":0.5327735937},
{"learn":[24.4786067],"iteration":234,"passed_time":0.1635296818,"remaining_time":0.5323413047},
{"learn":[24.47706261],"iteration":235,"passed_time":0.1642316585,"remaining_time":0.5316651995},
{"learn":[24.47317517],"iteration":236,"passed_time":0.1649557177,"remaining_time":0.5310599688},
{"learn":[24.4668438],"iteration":237,"passed_time":0.1656455698,"remaining_time":0.5303442191},
{"learn":[24.46197671],"iteration":238,"passed_time":0.1664063778,"remaining_time":0.5298546171},
{"learn":[24.45443242],"iteration":239,"passed_time":0.1671483114,"remaining_time":0.5293029861},
{"learn":[24.45331537],"iteration":240,"passed_time":0.1678190391,"remaining_time":0.5285255214},
{"learn":[24.44216912],"iteration":241,"passed_time":0.1684677675,"remaining_time":0.527680032},
{"learn":[24.43373011],"iteration":242,"passed_time":0.1692989065,"remaining_time":0.5274044124},
{"learn":[24.427032],"iteration":243,"passed_time":0.169993675,"remaining_time":0.5267017144},
{"learn":[24.41936446],"iteration":244,"passed_time":0.1706049047,"remaining_time":0.525741645},
{"learn":[24.41765642],"iteration":245,"passed_time":0.1713234641,"remaining_time":0.5251133818},
{"learn":[24.40721962],"iteration":246,"passed_time":0.172257433,"remaining_time":0.5251410812},
{"learn":[24.39657222],"iteration":247,"passed_time":0.1730963218,"remaining_time":0.5248727176},
{"learn":[24.38321576],"iteration":248,"passed_time":0.1738361305,"remaining_time":0.5243009397},
{"learn":[24.37337789],"iteration":249,"passed_time":0.1745589814,"remaining_time":0.5236769442},
{"learn":[24.36658084],"iteration":250,"passed_time":0.1753089981,"remaining_time":0.5231332254},
{"learn":[24.35852579],"iteration":251,"passed_time":0.1761207627,"remaining_time":0.5227711529},
{"learn":[24.34983879],"iteration":252,"passed_time":0.1768000735,"remaining_time":0.5220144462},
{"learn":[24.34171352],"iteration":253,"passed_time":0.1775434654,"remaining_time":0.5214465558},
{"learn":[24.33987865],"iteration":254,"passed_time":0.1782641914,"remaining_time":0.520811069},
{"learn":[24.33428059],"iteration":255,"passed_time":0.1791266627,"remaining_time":0.5205868635},
{"learn":[24.32737029],"iteration":256,"passed_time":0.1799513436,"remaining_time":0.5202484369},
{"learn":[24.32176083],"iteration":257,"passed_time":0.1807496087,"remaining_time":0.5198302699},
{"learn":[24.31296384],"iteration":258,"passed_time":0.1815465405,"remaining_time":0.5194053533},
{"learn":[24.30526032],"iteration":259,"passed_time":0.1823250979,"remaining_time":0.5189252786},
{"learn":[24.29632365],"iteration":260,"passed_time":0.1829964922,"remaining_time":0.5181394933},
{"learn":[24.2908257],"iteration":261,"passed_time":0.1837078435,"remaining_time":0.5174671318},
{"learn":[24.28188414],"iteration":262,"passed_time":0.1843535304,"remaining_time":0.5166104635},
{"learn":[24.2755888],"iteration":263,"passed_time":0.1852742914,"remaining_time":0.5165222669},
{"learn":[24.26652667],"iteration":264,"passed_time":0.1858896876,"remaining_time":0.5155808316},
{"learn":[24.26036888],"iteration":265,"passed_time":0.1866012889,"remaining_time":0.514907316},
{"learn":[24.25794173],"iteration":266,"passed_time":0.1874419693,"remaining_time":0.5145878781},
{"learn":[24.25086921],"iteration":267,"passed_time":0.1882765248,"remaining_time":0.5142478215},
{"learn":[24.23958634],"iteration":268,"passed_time":0.189032583,"remaining_time":0.5136907738},
{"learn":[24.23229657],"iteration":269,"passed_time":0.1896483125,"remaining_time":0.5127528449},
{"learn":[24.22403332],"iteration":270,"passed_time":0.1903785382,"remaining_time":0.5121252927},
{"learn":[24.22275221],"iteration":271,"passed_time":0.1910748067,"remaining_time":0.5114061002},
{"learn":[24.2141733],"iteration":272,"passed_time":0.1917375763,"remaining_time":0.5105978679},
{"learn":[24.20910224],"iteration":273,"passed_time":0.1924848014,"remaining_time":0.5100144738},
{"learn":[24.20080446],"iteration":274,"passed_time":0.1934259367,"remaining_time":0.509941106},
{"learn":[24.19261057],"iteration":275,"passed_time":0.1941329965,"remaining_time":0.5092474257},
{"learn":[24.18973057],"iteration":276,"passed_time":0.1949645522,"remaining_time":0.5088785965},
{"learn":[24.18853368],"iteration":277,"passed_time":0.1957704004,"remaining_time":0.5084396729},
{"learn":[24.18179051],"iteration":278,"passed_time":0.1965438746,"remaining_time":0.5079144574},
{"learn":[24.18018264],"iteration":279,"passed_time":0.1972781835,"remaining_time":0.5072867576},
{"learn":[24.17577489],"iteration":280,"passed_time":0.1979042877,"remaining_time":0.5063814336},
{"learn":[24.16721784],"iteration":281,"passed_time":0.1986207222,"remaining_time":0.5057080798},
{"learn":[24.16142804],"iteration":282,"passed_time":0.199347073,"remaining_time":0.5050595453},
{"learn":[24.1537059],"iteration":283,"passed_time":0.200007176,"remaining_time":0.5042434438},
{"learn":[24.14679112],"iteration":284,"passed_time":0.2006531128,"remaining_time":0.5033928971},
{"learn":[24.14056047],"iteration":285,"passed_time":0.2013868384,"remaining_time":0.5027629463},
{"learn":[24.13415056],"iteration":286,"passed_time":0.2020336919,"remaining_time":0.5019164541},
{"learn":[24.12772249],"iteration":287,"passed_time":0.2028049996,"remaining_time":0.5013790267},
{"learn":[24.11815312],"iteration":288,"passed_time":0.2034970599,"remaining_time":0.5006450158},
{"learn":[24.11560916],"iteration":289,"passed_time":0.2043252823,"remaining_time":0.5002446566},
{"learn":[24.11017817],"iteration":290,"passed_time":0.205043675,"remaining_time":0.499573765},
{"learn":[24.10413655],"iteration":291,"passed_time":0.2057100695,"remaining_time":0.4987764699},
{"learn":[24.09427821],"iteration":292,"passed_time":0.2062536348,"remaining_time":0.4976836853},
{"learn":[24.0932306],"iteration":293,"passed_time":0.207029109,"remaining_time":0.4971515337},
{"learn":[24.08904511],"iteration":294,"passed_time":0.2075917986,"remaining_time":0.4961092135},
{"learn":[24.08098965],"iteration":295,"passed_time":0.2083617729,"remaining_time":0.4955631356},
{"learn":[24.07672168],"iteration":296,"passed_time":0.2090258758,"remaining_time":0.4947649519},
{"learn":[24.06507987],"iteration":297,"passed_time":0.2097298524,"remaining_time":0.4940615986},
{"learn":[24.063277],"iteration":298,"passed_time":0.2104129547,"remaining_time":0.4933093017},
{"learn":[24.05819075],"iteration":299,"passed_time":0.2111331807,"remaining_time":0.4926440883},
{"learn":[24.05138973],"iteration":300,"passed_time":0.2118426571,"remaining_time":0.4919535458},
{"learn":[24.04462157],"iteration":301,"passed_time":0.2125771326,"remaining_time":0.4913206575},
{"learn":[24.04097757],"iteration":302,"passed_time":0.2132977336,"remaining_time":0.4906551826},
{"learn":[24.03472864],"iteration":303,"passed_time":0.2139622532,"remaining_time":0.4898609481},
{"learn":[24.03019146],"iteration":304,"passed_time":0.2145808159,"remaining_time":0.4889628428},
{"learn":[24.02859601],"iteration":305,"passed_time":0.2152069617,"remaining_time":0.4880837629},
{"learn":[24.02777146],"iteration":306,"passed_time":0.215890814,"remaining_time":0.4873365931},
{"learn":[24.02585016],"iteration":307,"passed_time":0.2165952905,"remaining_time":0.4866361722},
{"learn":[24.01660509],"iteration":308,"passed_time":0.2173268912,"remaining_time":0.4859963813},
{"learn":[24.01304279],"iteration":309,"passed_time":0.2180339927,"remaining_time":0.4853014675},
{"learn":[24.00686439],"iteration":310,"passed_time":0.2186402641,"remaining_time":0.4843830932},
{"learn":[24.0014469],"iteration":311,"passed_time":0.219395489,"remaining_time":0.4837951809},
{"learn":[23.99875891],"iteration":312,"passed_time":0.2200513005,"remaining_time":0.4829879982},
{"learn":[23.99394265],"iteration":313,"passed_time":0.2206574053,"remaining_time":0.4820731849},
{"learn":[23.98882936],"iteration":314,"passed_time":0.2214216299,"remaining_time":0.4815041793},
{"learn":[23.97879256],"iteration":315,"passed_time":0.2221298147,"remaining_time":0.4808126368},
{"learn":[23.97813674],"iteration":316,"passed_time":0.2229232882,"remaining_time":0.4803047504},
{"learn":[23.96953127],"iteration":317,"passed_time":0.2236608887,"remaining_time":0.4796752393},
{"learn":[23.96315555],"iteration":318,"passed_time":0.2242527857,"remaining_time":0.4787340032},
{"learn":[23.96140007],"iteration":319,"passed_time":0.2248813897,"remaining_time":0.4778729532},
{"learn":[23.95558246],"iteration":320,"passed_time":0.2255662003,"remaining_time":0.4771322429},
{"learn":[23.94685328],"iteration":321,"passed_time":0.2260983909,"remaining_time":0.4760705249},
{"learn":[23.94072839],"iteration":322,"passed_time":0.2267182036,"remaining_time":0.4751957394},
{"learn":[23.93191666],"iteration":323,"passed_time":0.227316142,"remaining_time":0.4742768889},
{"learn":[23.92406635],"iteration":324,"passed_time":0.2280119105,"remaining_time":0.4735631988},
{"learn":[23.91466213],"iteration":325,"passed_time":0.2286400563,"remaining_time":0.4727098096},
{"learn":[23.90909803],"iteration":326,"passed_time":0.229330075,"remaining_time":0.471985139},
{"learn":[23.90369214],"iteration":327,"passed_time":0.2300775501,"remaining_time":0.4713783953},
{"learn":[23.89334921],"iteration":328,"passed_time":0.2307764852,"remaining_time":0.470671798},
{"learn":[23.88565366],"iteration":329,"passed_time":0.2314770452,"remaining_time":0.4699685463},
{"learn":[23.87725714],"iteration":330,"passed_time":0.2320960246,"remaining_time":0.4691004243},
{"learn":[23.87609193],"iteration":331,"passed_time":0.2327895432,"remaining_time":0.4683837796},
{"learn":[23.86945767],"iteration":332,"passed_time":0.2336099325,"remaining_time":0.4679213964},
{"learn":[23.86218974],"iteration":333,"passed_time":0.2343353251,"remaining_time":0.4672674446},
{"learn":[23.85754708],"iteration":334,"passed_time":0.2351975047,"remaining_time":0.4668845989},
{"learn":[23.85119635],"iteration":335,"passed_time":0.2357841935,"remaining_time":0.4659544776},
{"learn":[23.84418755],"iteration":336,"passed_time":0.2363367168,"remaining_time":0.4649591787},
{"learn":[23.83520613],"iteration":337,"passed_time":0.2370444849,"remaining_time":0.4642705591},
{"learn":[23.82899825],"iteration":338,"passed_time":0.2377479615,"remaining_time":0.4635734588},
{"learn":[23.82485116],"iteration":339,"passed_time":0.2384140643,"remaining_time":0.4628037719},
{"learn":[23.81700822],"iteration":340,"passed_time":0.2391092078,"remaining_time":0.4620908151},
{"learn":[23.81536318],"iteration":341,"passed_time":0.23969548,"remaining_time":0.4611684966},
{"learn":[23.80830178],"iteration":342,"passed_time":0.2404577879,"remaining_time":0.4605853256},
{"learn":[23.80290169],"iteration":343,"passed_time":0.2412455117,"remaining_time":0.4600495805},
{"learn":[23.79649171],"iteration":344,"passed_time":0.2419927785,"remaining_time":0.459435565},
{"learn":[23.79129891],"iteration":345,"passed_time":0.2426835888,"remaining_time":0.4587140668},
{"learn":[23.78343456],"iteration":346,"passed_time":0.2435153945,"remaining_time":0.4582580767},
{"learn":[23.78052089],"iteration":347,"passed_time":0.2440549182,"remaining_time":0.457252318},
{"learn":[23.77334811],"iteration":348,"passed_time":0.2447442703,"remaining_time":0.4565287104},
{"learn":[23.7723291],"iteration":349,"passed_time":0.245501745,"remaining_time":0.4559318122},
{"learn":[23.76348339],"iteration":350,"passed_time":0.2461756809,"remaining_time":0.4551795354},
{"learn":[23.7597317],"iteration":351,"passed_time":0.24685395,"remaining_time":0.4544356807},
{"learn":[23.75377176],"iteration":352,"passed_time":0.2475340107,"remaining_time":0.4536954814},
{"learn":[23.74586314],"iteration":353,"passed_time":0.2481787393,"remaining_time":0.4528911457},
{"learn":[23.7362274],"iteration":354,"passed_time":0.2489644631,"remaining_time":0.4523438837},
{"learn":[23.72808709],"iteration":355,"passed_time":0.2496717312,"remaining_time":0.4516533565},
{"learn":[23.72161471],"iteration":356,"passed_time":0.2502517119,"remaining_time":0.4507334756},
{"learn":[23.71778699],"iteration":357,"passed_time":0.2508265678,"remaining_time":0.4498063032},
{"learn":[23.71179694],"iteration":358,"passed_time":0.2514375058,"remaining_time":0.4489455187},
{"learn":[23.70313599],"iteration":359,"passed_time":0.252092484,"remaining_time":0.448164416},
{"learn":[23.70061258],"iteration":360,"passed_time":0.2528081685,"remaining_time":0.4474914673},
{"learn":[23.69816624],"iteration":361,"passed_time":0.2534509388,"remaining_time":0.4466897761},
{"learn":[23.69725677],"iteration":362,"passed_time":0.2541779146,"remaining_time":0.4460367261},
{"learn":[23.6932414],"iteration":363,"passed_time":0.254836851,"remaining_time":0.445264388},
{"learn":[23.68637301],"iteration":364,"passed_time":0.2554320395,"remaining_time":0.4443817674},
{"learn":[23.68018987],"iteration":365,"passed_time":0.256077268,"remaining_time":0.4435873987},
{"learn":[23.67446565],"iteration":366,"passed_time":0.2567214133,"remaining_time":0.4427919744},
{"learn":[23.66737293],"iteration":367,"passed_time":0.2575044705,"remaining_time":0.4422359385},
{"learn":[23.65958107],"iteration":368,"passed_time":0.2582143636,"remaining_time":0.4415535594},
{"learn":[23.65457315],"iteration":369,"passed_time":0.2589146319,"remaining_time":0.4408546435},
{"learn":[23.64760703],"iteration":370,"passed_time":0.2596373995,"remaining_time":0.4401938661},
{"learn":[23.6453006],"iteration":371,"passed_time":0.2603468759,"remaining_time":0.4395103174},
{"learn":[23.64006153],"iteration":372,"passed_time":0.2610100622,"remaining_time":0.4387488177},
{"learn":[23.63710871],"iteration":373,"passed_time":0.261706289,"remaining_time":0.4380431468},
{"learn":[23.63315266],"iteration":374,"passed_time":0.2623204769,"remaining_time":0.4372007948},
{"learn":[23.62815484],"iteration":375,"passed_time":0.2629712886,"remaining_time":0.4364204363},
{"learn":[23.62128362],"iteration":376,"passed_time":0.263609309,"remaining_time":0.4356196273},
{"learn":[23.61276334],"iteration":377,"passed_time":0.2643356181,"remaining_time":0.434964959},
{"learn":[23.61184439],"iteration":378,"passed_time":0.2650320116,"remaining_time":0.4342608951},
{"learn":[23.60564761],"iteration":379,"passed_time":0.2656890314,"remaining_time":0.4334926302},
{"learn":[23.59822515],"iteration":380,"passed_time":0.266311969,"remaining_time":0.432669577},
{"learn":[23.59593292],"iteration":381,"passed_time":0.267043403,"remaining_time":0.432023097},
{"learn":[23.58566079],"iteration":382,"passed_time":0.2677724204,"remaining_time":0.4313722804},
{"learn":[23.57841645],"iteration":383,"passed_time":0.268475272,"remaining_time":0.4306790822},
{"learn":[23.56831175],"iteration":384,"passed_time":0.2691887899,"remaining_time":0.4300028722},
{"learn":[23.5604652],"iteration":385,"passed_time":0.2698666007,"remaining_time":0.4292696706},
{"learn":[23.55730163],"iteration":386,"passed_time":0.2705102043,"remaining_time":0.4284825717},
{"learn":[23.55534632],"iteration":387,"passed_time":0.2712575128,"remaining_time":0.4278597882},
{"learn":[23.54743883],"iteration":388,"passed_time":0.2720268621,"remaining_time":0.427270984},
{"learn":[23.53957055],"iteration":389,"passed_time":0.2726264255,"remaining_time":0.4264156912},
{"learn":[23.53168748],"iteration":390,"passed_time":0.273232572,"remaining_time":0.42557196},
{"learn":[23.52411105],"iteration":391,"passed_time":0.2739780889,"remaining_time":0.4249456072},
{"learn":[23.51747684],"iteration":392,"passed_time":0.2746611911,"remaining_time":0.4242222469},
{"learn":[23.51047542],"iteration":393,"passed_time":0.2754113328,"remaining_time":0.4236022023},
{"learn":[23.50562095],"iteration":394,"passed_time":0.2760450201,"remaining_time":0.422803132},
{"learn":[23.50207489],"iteration":395,"passed_time":0.2768551181,"remaining_time":0.422273968},
{"learn":[23.49884836],"iteration":396,"passed_time":0.2775512199,"remaining_time":0.4215702408},
{"learn":[23.49712871],"iteration":397,"passed_time":0.2780974934,"remaining_time":0.4206399272},
{"learn":[23.48990348],"iteration":398,"passed_time":0.2789160078,"remaining_time":0.4201216058},
{"learn":[23.48790958],"iteration":399,"passed_time":0.2796095264,"remaining_time":0.4194142896},
{"learn":[23.47971764],"iteration":400,"passed_time":0.2802616297,"remaining_time":0.4186451776},
{"learn":[23.47155584],"iteration":401,"passed_time":0.2808394021,"remaining_time":0.4177660758},
{"learn":[23.46931234],"iteration":402,"passed_time":0.2813680512,"remaining_time":0.4168156987},
{"learn":[23.46340902],"iteration":403,"passed_time":0.281976031,"remaining_time":0.4159844417},
{"learn":[23.46268086],"iteration":404,"passed_time":0.2825884273,"remaining_time":0.4151607759},
{"learn":[23.45453275],"iteration":405,"passed_time":0.2831287843,"remaining_time":0.4142327534},
{"learn":[23.4498852],"iteration":406,"passed_time":0.283616518,"remaining_time":0.4132299636},
{"learn":[23.44593793],"iteration":407,"passed_time":0.284169083,"remaining_time":0.4123237675},
{"learn":[23.44226844],"iteration":408,"passed_time":0.2846231512,"remaining_time":0.411276974},
{"learn":[23.43319784],"iteration":409,"passed_time":0.2850348042,"remaining_time":0.4101720353},
{"learn":[23.4278395],"iteration":410,"passed_time":0.2856770328,"remaining_time":0.4094009059},
{"learn":[23.42133032],"iteration":411,"passed_time":0.2861323926,"remaining_time":0.408363706},
{"learn":[23.41818774],"iteration":412,"passed_time":0.2866733746,"remaining_time":0.4074510191},
{"learn":[23.41457947],"iteration":413,"passed_time":0.2871631083,"remaining_time":0.4064675881},
{"learn":[23.4133673],"iteration":414,"passed_time":0.287785296,"remaining_time":0.4056732485},
{"learn":[23.40778017],"iteration":415,"passed_time":0.288344069,"remaining_time":0.4047907123},
{"learn":[23.40012574],"iteration":416,"passed_time":0.28896534,"remaining_time":0.4039971061},
{"learn":[23.39373435],"iteration":417,"passed_time":0.2895981523,"remaining_time":0.4032203938},
{"learn":[23.39060638],"iteration":418,"passed_time":0.2903017122,"remaining_time":0.4025424696},
{"learn":[23.3854901],"iteration":419,"passed_time":0.2910477707,"remaining_time":0.4019231119},
{"learn":[23.37698633],"iteration":420,"passed_time":0.2916758331,"remaining_time":0.4011408726},
{"learn":[23.3723257],"iteration":421,"passed_time":0.292341561,"remaining_time":0.4004109532},
{"learn":[23.36477394],"iteration":422,"passed_time":0.2930176218,"remaining_time":0.3996954321},
{"learn":[23.35877237],"iteration":423,"passed_time":0.2936914327,"remaining_time":0.3989770406},
{"learn":[23.35318107],"iteration":424,"passed_time":0.2943138286,"remaining_time":0.3981892976},
{"learn":[23.34802071],"iteration":425,"passed_time":0.2949824731,"remaining_time":0.3974646468},
{"learn":[23.34534147],"iteration":426,"passed_time":0.2954731651,"remaining_time":0.3965014604},
{"learn":[23.34048973],"iteration":427,"passed_time":0.2960978109,"remaining_time":0.3957195043},
{"learn":[23.33295674],"iteration":428,"passed_time":0.2968255367,"remaining_time":0.3950754813},
{"learn":[23.32785765],"iteration":429,"passed_time":0.2974093923,"remaining_time":0.3942403572},
{"learn":[23.31929919],"iteration":430,"passed_time":0.2980002476,"remaining_time":0.3934156401},
{"learn":[23.31819072],"iteration":431,"passed_time":0.2986555591,"remaining_time":0.3926767537},
{"learn":[23.31027116],"iteration":432,"passed_time":0.2993540775,"remaining_time":0.3919948313},
{"learn":[23.30404164],"iteration":433,"passed_time":0.3000196804,"remaining_time":0.3912699058},
{"learn":[23.30231274],"iteration":434,"passed_time":0.3007401564,"remaining_time":0.390616525},
{"learn":[23.29969573],"iteration":435,"passed_time":0.3013544276,"remaining_time":0.3898254523},
{"learn":[23.28949247],"iteration":436,"passed_time":0.3020504461,"remaining_time":0.3891405061},
{"learn":[23.2825498],"iteration":437,"passed_time":0.302555721,"remaining_time":0.3882107653},
{"learn":[23.27936531],"iteration":438,"passed_time":0.3030911198,"remaining_time":0.3873214538},
{"learn":[23.27370709],"iteration":439,"passed_time":0.3037125158,"remaining_time":0.3865432019},
{"learn":[23.27137311],"iteration":440,"passed_time":0.3044032428,"remaining_time":0.3858535436},
{"learn":[23.26915316],"iteration":441,"passed_time":0.3049941815,"remaining_time":0.3850379033},
{"learn":[23.26163334],"iteration":442,"passed_time":0.3056390767,"remaining_time":0.384291119},
{"learn":[23.25721528],"iteration":443,"passed_time":0.3062147242,"remaining_time":0.383458078},
{"learn":[23.2504509],"iteration":444,"passed_time":0.3068337452,"remaining_time":0.382680289},
{"learn":[23.24664596],"iteration":445,"passed_time":0.3074373918,"remaining_time":0.3818841145},
{"learn":[23.24474559],"iteration":446,"passed_time":0.3080767455,"remaining_time":0.381132976},
{"learn":[23.24161016],"iteration":447,"passed_time":0.3087550146,"remaining_time":0.3804302859},
{"learn":[23.23464586],"iteration":448,"passed_time":0.3095121978,"remaining_time":0.3798245456},
{"learn":[23.22929352],"iteration":449,"passed_time":0.31014676,"remaining_time":0.3790682622},
{"learn":[23.22651572],"iteration":450,"passed_time":0.3108719858,"remaining_time":0.378422883},
{"learn":[23.21959578],"iteration":451,"passed_time":0.3115102979,"remaining_time":0.3776717771},
{"learn":[23.21029496],"iteration":452,"passed_time":0.3122431902,"remaining_time":0.3770353754},
{"learn":[23.20408485],"iteration":453,"passed_time":0.3128621279,"remaining_time":0.3762615019},
{"learn":[23.1976579],"iteration":454,"passed_time":0.3134168178,"remaining_time":0.3754113532},
{"learn":[23.19561228],"iteration":455,"passed_time":0.3141543766,"remaining_time":0.3747806598},
{"learn":[23.19000216],"iteration":456,"passed_time":0.314863853,"remaining_time":0.3741161316},
{"learn":[23.18659793],"iteration":457,"passed_time":0.3154408754,"remaining_time":0.3732946604},
{"learn":[23.18062766],"iteration":458,"passed_time":0.3161118114,"remaining_time":0.3725849455},
{"learn":[23.1708452],"iteration":459,"passed_time":0.3166912921,"remaining_time":0.3717680386},
{"learn":[23.16425931],"iteration":460,"passed_time":0.3173173546,"remaining_time":0.371006625},
{"learn":[23.1591777],"iteration":461,"passed_time":0.3179969987,"remaining_time":0.3703081933},
{"learn":[23.15333454],"iteration":462,"passed_time":0.3186157281,"remaining_time":0.3695391922},
{"learn":[23.14958445],"iteration":463,"passed_time":0.3191690847,"remaining_time":0.3686953219},
{"learn":[23.14097514],"iteration":464,"passed_time":0.3197745645,"remaining_time":0.367912671},
{"learn":[23.13606699],"iteration":465,"passed_time":0.3203395457,"remaining_time":0.3670843721},
{"learn":[23.13031229],"iteration":466,"passed_time":0.3210249812,"remaining_time":0.3663946788},
{"learn":[23.12501897],"iteration":467,"passed_time":0.3216055869,"remaining_time":0.3655858381},
{"learn":[23.11733998],"iteration":468,"passed_time":0.322212525,"remaining_time":0.3648077842},
{"learn":[23.11542016],"iteration":469,"passed_time":0.3229716248,"remaining_time":0.3642020449},
{"learn":[23.10739119],"iteration":470,"passed_time":0.323745599,"remaining_time":0.3636123607},
{"learn":[23.10190303],"iteration":471,"passed_time":0.324465575,"remaining_time":0.3629614907},
{"learn":[23.09724723],"iteration":472,"passed_time":0.3250624302,"remaining_time":0.3621731516},
{"learn":[23.09005542],"iteration":473,"passed_time":0.3257414076,"remaining_time":0.3614767519},
{"learn":[23.08747537],"iteration":474,"passed_time":0.3263751365,"remaining_time":0.360730414},
{"learn":[23.08417827],"iteration":475,"passed_time":0.3269536172,"remaining_time":0.3599237299},
{"learn":[23.07912444],"iteration":476,"passed_time":0.3275059738,"remaining_time":0.3590893591},
{"learn":[23.07319453],"iteration":477,"passed_time":0.3280524556,"remaining_time":0.3582497528},
{"learn":[23.06930125],"iteration":478,"passed_time":0.3286499358,"remaining_time":0.3574668404},
{"learn":[23.06482501],"iteration":479,"passed_time":0.3293174135,"remaining_time":0.3567605313},
{"learn":[23.06415513],"iteration":480,"passed_time":0.329882853,"remaining_time":0.3559442843},
{"learn":[23.05767241],"iteration":481,"passed_time":0.3304408761,"remaining_time":0.3551211076},
{"learn":[23.05289789],"iteration":482,"passed_time":0.3311770183,"remaining_time":0.3544896863},
{"learn":[23.04457609],"iteration":483,"passed_time":0.3317148337,"remaining_time":0.353646393},
{"learn":[23.03859971],"iteration":484,"passed_time":0.3322638571,"remaining_time":0.3528162607},
{"learn":[23.03465892],"iteration":485,"passed_time":0.3328850865,"remaining_time":0.3520636511},
{"learn":[23.02872087],"iteration":486,"passed_time":0.3335195653,"remaining_time":0.351325538},
{"learn":[23.02603314],"iteration":487,"passed_time":0.3341140039,"remaining_time":0.3505458401},
{"learn":[23.02357555],"iteration":488,"passed_time":0.3346344866,"remaining_time":0.3496896168},
{"learn":[23.01874491],"iteration":489,"passed_time":0.3351646356,"remaining_time":0.3488448248},
{"learn":[23.01193146],"iteration":490,"passed_time":0.3357177422,"remaining_time":0.3480251136},
{"learn":[23.0069086],"iteration":491,"passed_time":0.336314764,"remaining_time":0.3472518295},
{"learn":[22.99992018],"iteration":492,"passed_time":0.3370000745,"remaining_time":0.3465700563},
{"learn":[22.99397038],"iteration":493,"passed_time":0.3375601392,"remaining_time":0.3457599806},
{"learn":[22.98660186],"iteration":494,"passed_time":0.3382898649,"remaining_time":0.3451240036},
{"learn":[22.9832491],"iteration":495,"passed_time":0.3388928865,"remaining_time":0.3443589008},
{"learn":[22.97916672],"iteration":496,"passed_time":0.3394606592,"remaining_time":0.3435587759},
{"learn":[22.97525277],"iteration":497,"passed_time":0.3400914716,"remaining_time":0.34282313},
{"learn":[22.96659036],"iteration":498,"passed_time":0.3407234505,"remaining_time":0.3420890756},
{"learn":[22.9650335],"iteration":499,"passed_time":0.3413585544,"remaining_time":0.3413585544},
{"learn":[22.95857253],"iteration":500,"passed_time":0.3420451982,"remaining_time":0.3406797483},
{"learn":[22.95309901],"iteration":501,"passed_time":0.3426751356,"remaining_time":0.3399446564},
{"learn":[22.95112783],"iteration":502,"passed_time":0.3432254089,"remaining_time":0.3391312689},
{"learn":[22.94789796],"iteration":503,"passed_time":0.3438495132,"remaining_time":0.3383915844},
{"learn":[22.94024455],"iteration":504,"passed_time":0.3445291572,"remaining_time":0.3377067977},
{"learn":[22.93196049],"iteration":505,"passed_time":0.3452383419,"remaining_time":0.3370508714},
{"learn":[22.92656326],"iteration":506,"passed_time":0.345726159,"remaining_time":0.3361794801},
{"learn":[22.92168167],"iteration":507,"passed_time":0.3463799706,"remaining_time":0.3354703652},
{"learn":[22.91567576],"iteration":508,"passed_time":0.3470168244,"remaining_time":0.3347451096},
{"learn":[22.90875818],"iteration":509,"passed_time":0.3475825556,"remaining_time":0.3339518671},
{"learn":[22.9032874],"iteration":510,"passed_time":0.3480577481,"remaining_time":0.3330728744},
{"learn":[22.89658904],"iteration":511,"passed_time":0.348521441,"remaining_time":0.3321844984},
{"learn":[22.89242503],"iteration":512,"passed_time":0.3490331323,"remaining_time":0.3313433439},
{"learn":[22.89090216],"iteration":513,"passed_time":0.3496566115,"remaining_time":0.3306091697},
{"learn":[22.88741579],"iteration":514,"passed_time":0.3502310508,"remaining_time":0.329829242},
{"learn":[22.88373853],"iteration":515,"passed_time":0.3509849007,"remaining_time":0.3292183952},
{"learn":[22.87823993],"iteration":516,"passed_time":0.3515997552,"remaining_time":0.3284771407},
{"learn":[22.87062699],"iteration":517,"passed_time":0.3522575666,"remaining_time":0.3277763458},
{"learn":[22.87003458],"iteration":518,"passed_time":0.3527929655,"remaining_time":0.3269622667},
{"learn":[22.86542313],"iteration":519,"passed_time":0.3532295759,"remaining_time":0.3260580701},
{"learn":[22.85986322],"iteration":520,"passed_time":0.353768933,"remaining_time":0.3252501323},
{"learn":[22.85602485],"iteration":521,"passed_time":0.3545647815,"remaining_time":0.3246780949},
{"learn":[22.85501242],"iteration":522,"passed_time":0.3552046769,"remaining_time":0.3239629653},
{"learn":[22.85360576],"iteration":523,"passed_time":0.355831781,"remaining_time":0.3232365033},
{"learn":[22.85202683],"iteration":524,"passed_time":0.3565830893,"remaining_time":0.3226227951},
{"learn":[22.84523647],"iteration":525,"passed_time":0.3571909858,"remaining_time":0.3218793294},
{"learn":[22.8412252],"iteration":526,"passed_time":0.3578035487,"remaining_time":0.3211405665},
{"learn":[22.83811365],"iteration":527,"passed_time":0.3584607352,"remaining_time":0.3204421723},
{"learn":[22.83269874],"iteration":528,"passed_time":0.3590904225,"remaining_time":0.3197194499},
{"learn":[22.82782378],"iteration":529,"passed_time":0.359726568,"remaining_time":0.3190028056},
{"learn":[22.82599944],"iteration":530,"passed_time":0.3602946324,"remaining_time":0.3182263326},
{"learn":[22.81718504],"iteration":531,"passed_time":0.3609288613,"remaining_time":0.3175088479},
{"learn":[22.81214381],"iteration":532,"passed_time":0.3616011723,"remaining_time":0.3168250421},
{"learn":[22.8078386],"iteration":533,"passed_time":0.3620881561,"remaining_time":0.3159795519},
{"learn":[22.8013888],"iteration":534,"passed_time":0.3626433876,"remaining_time":0.3151947201},
{"learn":[22.79606958],"iteration":535,"passed_time":0.363313032,"remaining_time":0.3145097889},
{"learn":[22.79061146],"iteration":536,"passed_time":0.3639470942,"remaining_time":0.3137942358},
{"learn":[22.78742762],"iteration":537,"passed_time":0.364664612,"remaining_time":0.3131506519},
{"learn":[22.78347262],"iteration":538,"passed_time":0.3653147987,"remaining_time":0.3124492063},
{"learn":[22.78104007],"iteration":539,"passed_time":0.3659519025,"remaining_time":0.3117368058},
{"learn":[22.77469756],"iteration":540,"passed_time":0.3664873847,"remaining_time":0.310938465},
{"learn":[22.7718811],"iteration":541,"passed_time":0.366987868,"remaining_time":0.3101115194},
{"learn":[22.76760182],"iteration":542,"passed_time":0.3676367214,"remaining_time":0.3094106477},
{"learn":[22.76157123],"iteration":543,"passed_time":0.3683233652,"remaining_time":0.3087416444},
{"learn":[22.76024168],"iteration":544,"passed_time":0.3690046342,"remaining_time":0.3080680891},
{"learn":[22.75700542],"iteration":545,"passed_time":0.3695305334,"remaining_time":0.3072653153},
{"learn":[22.75457359],"iteration":546,"passed_time":0.3704255452,"remaining_time":0.3067692358},
{"learn":[22.7496195],"iteration":547,"passed_time":0.3713350983,"remaining_time":0.3062836942},
{"learn":[22.74463885],"iteration":548,"passed_time":0.3721909865,"remaining_time":0.3057525226},
{"learn":[22.73961268],"iteration":549,"passed_time":0.3728877133,"remaining_time":0.3050899472},
{"learn":[22.73522288],"iteration":550,"passed_time":0.3736352301,"remaining_time":0.3044686358},
{"learn":[22.73277641],"iteration":551,"passed_time":0.3742667924,"remaining_time":0.303752759},
{"learn":[22.73226393],"iteration":552,"passed_time":0.3749356451,"remaining_time":0.3030673298},
{"learn":[22.72809702],"iteration":553,"passed_time":0.3757210773,"remaining_time":0.3024758131},
{"learn":[22.72355611],"iteration":554,"passed_time":0.3764279288,"remaining_time":0.3018205915},
{"learn":[22.71715529],"iteration":555,"passed_time":0.3770456582,"remaining_time":0.3010940148},
{"learn":[22.71301727],"iteration":556,"passed_time":0.3776656376,"remaining_time":0.3003696184},
{"learn":[22.70673932],"iteration":557,"passed_time":0.3784053213,"remaining_time":0.2997404158},
{"learn":[22.70628586],"iteration":558,"passed_time":0.3790229674,"remaining_time":0.2990145414},
{"learn":[22.70182128],"iteration":559,"passed_time":0.3796409468,"remaining_time":0.2982893154},
{"learn":[22.69812983],"iteration":560,"passed_time":0.380247885,"remaining_time":0.2975558315},
{"learn":[22.69560208],"iteration":561,"passed_time":0.3809603612,"remaining_time":0.2969050502},
{"learn":[22.68924163],"iteration":562,"passed_time":0.3818306239,"remaining_time":0.2963765234},
{"learn":[22.68642525],"iteration":563,"passed_time":0.3825037682,"remaining_time":0.2956944024},
{"learn":[22.68575072],"iteration":564,"passed_time":0.3831491217,"remaining_time":0.2949909167},
{"learn":[22.6822157],"iteration":565,"passed_time":0.3837141863,"remaining_time":0.2942260721},
{"learn":[22.67908484],"iteration":566,"passed_time":0.3843812474,"remaining_time":0.2935398238},
{"learn":[22.67390734],"iteration":567,"passed_time":0.3850020184,"remaining_time":0.2928184365},
{"learn":[22.66574167],"iteration":568,"passed_time":0.3856661629,"remaining_time":0.292130257},
{"learn":[22.66089611],"iteration":569,"passed_time":0.386305975,"remaining_time":0.2914238057},
{"learn":[22.65926746],"iteration":570,"passed_time":0.387016118,"remaining_time":0.2907704284},
{"learn":[22.65332922],"iteration":571,"passed_time":0.3876627632,"remaining_time":0.2900693403},
{"learn":[22.65090578],"iteration":572,"passed_time":0.3883717812,"remaining_time":0.2894149225},
{"learn":[22.64581775],"iteration":573,"passed_time":0.3890865491,"remaining_time":0.2887645817},
{"learn":[22.63652818],"iteration":574,"passed_time":0.3896449888,"remaining_time":0.28799847},
{"learn":[22.63323469],"iteration":575,"passed_time":0.3903229246,"remaining_time":0.2873210417},
{"learn":[22.63054922],"iteration":576,"passed_time":0.3908851976,"remaining_time":0.286558819},
{"learn":[22.62441509],"iteration":577,"passed_time":0.3914927607,"remaining_time":0.2858303547},
{"learn":[22.62240584],"iteration":578,"passed_time":0.3921964872,"remaining_time":0.2851722299},
{"learn":[22.61690985],"iteration":579,"passed_time":0.3928499238,"remaining_time":0.2844775311},
{"learn":[22.61216809],"iteration":580,"passed_time":0.3935302762,"remaining_time":0.2838023851},
{"learn":[22.6080908],"iteration":581,"passed_time":0.3941892126,"remaining_time":0.28311184},
{"learn":[22.60423817],"iteration":582,"passed_time":0.3949646034,"remaining_time":0.2825046992},
{"learn":[22.60170074],"iteration":583,"passed_time":0.3956468724,"remaining_time":0.2818306488},
{"learn":[22.59862688],"iteration":584,"passed_time":0.3962256865,"remaining_time":0.2810831793},
{"learn":[22.59559948],"iteration":585,"passed_time":0.3968414576,"remaining_time":0.280362395},
{"learn":[22.59446111],"iteration":586,"passed_time":0.3973782731,"remaining_time":0.279586417},
{"learn":[22.59391034],"iteration":587,"passed_time":0.3980344179,"remaining_time":0.2788948643},
{"learn":[22.58789645],"iteration":588,"passed_time":0.3985936493,"remaining_time":0.2781358062},
{"learn":[22.58717067],"iteration":589,"passed_time":0.3992677102,"remaining_time":0.2774572224},
{"learn":[22.58384802],"iteration":590,"passed_time":0.3999253967,"remaining_time":0.2767673219},
{"learn":[22.58009628],"iteration":591,"passed_time":0.4005763333,"remaining_time":0.2760728784},
{"learn":[22.57581339],"iteration":592,"passed_time":0.4012185203,"remaining_time":0.2753725763},
{"learn":[22.57144463],"iteration":593,"passed_time":0.4017679603,"remaining_time":0.2746090773},
{"learn":[22.56749787],"iteration":594,"passed_time":0.4025703503,"remaining_time":0.2740184737},
{"learn":[22.56336147],"iteration":595,"passed_time":0.4033381997,"remaining_time":0.2734037461},
{"learn":[22.55941712],"iteration":596,"passed_time":0.4040829666,"remaining_time":0.2727729239},
{"learn":[22.55888911],"iteration":597,"passed_time":0.4047289451,"remaining_time":0.2720753109},
{"learn":[22.55490075],"iteration":598,"passed_time":0.4055200854,"remaining_time":0.2714750488},
{"learn":[22.55148041],"iteration":599,"passed_time":0.406214104,"remaining_time":0.2708094027},
{"learn":[22.54675003],"iteration":600,"passed_time":0.4068385415,"remaining_time":0.2700974677},
{"learn":[22.54290117],"iteration":601,"passed_time":0.4075321018,"remaining_time":0.2694315225},
{"learn":[22.53787034],"iteration":602,"passed_time":0.4082304536,"remaining_time":0.2687686402},
{"learn":[22.53464204],"iteration":603,"passed_time":0.4088560577,"remaining_time":0.2680579451},
{"learn":[22.53342504],"iteration":604,"passed_time":0.4095447431,"remaining_time":0.2673887166},
{"learn":[22.5275314],"iteration":605,"passed_time":0.4103568828,"remaining_time":0.2667996895},
{"learn":[22.52499721],"iteration":606,"passed_time":0.4109994864,"remaining_time":0.2661001617},
{"learn":[22.52374726],"iteration":607,"passed_time":0.4117385035,"remaining_time":0.2654629825},
{"learn":[22.52104249],"iteration":608,"passed_time":0.4123383168,"remaining_time":0.264736095},
{"learn":[22.51891364],"iteration":609,"passed_time":0.4130243773,"remaining_time":0.2640647658},
{"learn":[22.51678342],"iteration":610,"passed_time":0.4136390235,"remaining_time":0.2633479217},
{"learn":[22.51288924],"iteration":611,"passed_time":0.4142736691,"remaining_time":0.2626440908},
{"learn":[22.50895238],"iteration":612,"passed_time":0.4148875236,"remaining_time":0.2619273599},
{"learn":[22.50718051],"iteration":613,"passed_time":0.4154745041,"remaining_time":0.2611940694},
{"learn":[22.50327439],"iteration":614,"passed_time":0.4160300273,"remaining_time":0.2604415618},
{"learn":[22.49905724],"iteration":615,"passed_time":0.4167528782,"remaining_time":0.259794002},
{"learn":[22.49591213],"iteration":616,"passed_time":0.4174025233,"remaining_time":0.2591007559},
{"learn":[22.4922643],"iteration":617,"passed_time":0.4182177461,"remaining_time":0.2585099984},
{"learn":[22.4849926],"iteration":618,"passed_time":0.4189505134,"remaining_time":0.2578677635},
{"learn":[22.47813218],"iteration":619,"passed_time":0.4195766592,"remaining_time":0.2571598879},
{"learn":[22.47392599],"iteration":620,"passed_time":0.4202170546,"remaining_time":0.2564609721},
{"learn":[22.46825624],"iteration":621,"passed_time":0.4208099098,"remaining_time":0.2557333536},
{"learn":[22.46730218],"iteration":622,"passed_time":0.421484929,"remaining_time":0.255055888},
{"learn":[22.46535317],"iteration":623,"passed_time":0.4221206162,"remaining_time":0.2543547303},
{"learn":[22.46455128],"iteration":624,"passed_time":0.4226698479,"remaining_time":0.2536019088},
{"learn":[22.45932902],"iteration":625,"passed_time":0.4232974937,"remaining_time":0.2528965857},
{"learn":[22.45736635],"iteration":626,"passed_time":0.4241414656,"remaining_time":0.252320202},
{"learn":[22.45432755],"iteration":627,"passed_time":0.4246951139,"remaining_time":0.251570991},
{"learn":[22.44851046],"iteration":628,"passed_time":0.4252796361,"remaining_time":0.250840612},
{"learn":[22.44527091],"iteration":629,"passed_time":0.425973863,"remaining_time":0.2501751259},
{"learn":[22.44232686],"iteration":630,"passed_time":0.4266282995,"remaining_time":0.2494862797},
{"learn":[22.43947851],"iteration":631,"passed_time":0.427354067,"remaining_time":0.248839077},
{"learn":[22.43780963],"iteration":632,"passed_time":0.427984546,"remaining_time":0.2481363798},
{"learn":[22.43521518],"iteration":633,"passed_time":0.428605067,"remaining_time":0.2474281617},
{"learn":[22.43257226],"iteration":634,"passed_time":0.4291970473,"remaining_time":0.2467038146},
{"learn":[22.42998772],"iteration":635,"passed_time":0.4298576087,"remaining_time":0.2460191345},
{"learn":[22.4261656],"iteration":636,"passed_time":0.4304670051,"remaining_time":0.2453053734},
{"learn":[22.42204774],"iteration":637,"passed_time":0.4311181501,"remaining_time":0.2446156275},
{"learn":[22.41713668],"iteration":638,"passed_time":0.4317986274,"remaining_time":0.2439425735},
{"learn":[22.41224019],"iteration":639,"passed_time":0.4325553106,"remaining_time":0.2433123622},
{"learn":[22.40694807],"iteration":640,"passed_time":0.4332850363,"remaining_time":0.2426666584},
{"learn":[22.40077662],"iteration":641,"passed_time":0.4340032624,"remaining_time":0.2420142803},
{"learn":[22.39375194],"iteration":642,"passed_time":0.4346554907,"remaining_time":0.2413250547},
{"learn":[22.38792554],"iteration":643,"passed_time":0.4353162603,"remaining_time":0.2406406656},
{"learn":[22.38254085],"iteration":644,"passed_time":0.4359202819,"remaining_time":0.2399251164},
{"learn":[22.3779895],"iteration":645,"passed_time":0.4365129705,"remaining_time":0.2392037021},
{"learn":[22.3734097],"iteration":646,"passed_time":0.4371950311,"remaining_time":0.2385314467},
{"learn":[22.36724536],"iteration":647,"passed_time":0.4378214269,"remaining_time":0.2378289233},
{"learn":[22.36523737],"iteration":648,"passed_time":0.4384568225,"remaining_time":0.2371315018},
{"learn":[22.35919557],"iteration":649,"passed_time":0.4391130089,"remaining_time":0.2364454664},
{"learn":[22.35177636],"iteration":650,"passed_time":0.4398544843,"remaining_time":0.2358052458},
{"learn":[22.34753193],"iteration":651,"passed_time":0.440523962,"remaining_time":0.2351262865},
{"learn":[22.34474828],"iteration":652,"passed_time":0.4411082342,"remaining_time":0.2344020785},
{"learn":[22.33768921],"iteration":653,"passed_time":0.4417891699,"remaining_time":0.2337294385},
{"learn":[22.33035967],"iteration":654,"passed_time":0.4425525611,"remaining_time":0.233100204},
{"learn":[22.3225179],"iteration":655,"passed_time":0.4434118659,"remaining_time":0.2325208565},
{"learn":[22.31932483],"iteration":656,"passed_time":0.4440227205,"remaining_time":0.2318109485},
{"learn":[22.31891955],"iteration":657,"passed_time":0.4446443665,"remaining_time":0.2311069504},
{"learn":[22.31715239],"iteration":658,"passed_time":0.4452545545,"remaining_time":0.2303972733},
{"learn":[22.31564976],"iteration":659,"passed_time":0.4459395317,"remaining_time":0.2297264254},
{"learn":[22.31496839],"iteration":660,"passed_time":0.4465873435,"remaining_time":0.2290364742},
{"learn":[22.31182449],"iteration":661,"passed_time":0.4472661542,"remaining_time":0.2283624775},
{"learn":[22.30689927],"iteration":662,"passed_time":0.4479975466,"remaining_time":0.2277151933},
{"learn":[22.30152665],"iteration":663,"passed_time":0.4487063146,"remaining_time":0.2270562074},
{"learn":[22.29629974],"iteration":664,"passed_time":0.4494205825,"remaining_time":0.2263998423},
{"learn":[22.29269882],"iteration":665,"passed_time":0.4500607695,"remaining_time":0.2257061517},
{"learn":[22.28464315],"iteration":666,"passed_time":0.4509433652,"remaining_time":0.2251336441},
{"learn":[22.28222025],"iteration":667,"passed_time":0.4516389253,"remaining_time":0.2244672503},
{"learn":[22.28114484],"iteration":668,"passed_time":0.4523400687,"remaining_time":0.2238035317},
{"learn":[22.28072752],"iteration":669,"passed_time":0.4530075048,"remaining_time":0.2231230994},
{"learn":[22.27641229],"iteration":670,"passed_time":0.4537434803,"remaining_time":0.2224763115},
{"learn":[22.27457032],"iteration":671,"passed_time":0.4543088781,"remaining_time":0.221746},
{"learn":[22.27104557],"iteration":672,"passed_time":0.454983689,"remaining_time":0.2210693407},
{"learn":[22.26707927],"iteration":673,"passed_time":0.4555568366,"remaining_time":0.2203435144},
{"learn":[22.26153182],"iteration":674,"passed_time":0.4561825658,"remaining_time":0.2196434576},
{"learn":[22.26116703],"iteration":675,"passed_time":0.4570753694,"remaining_time":0.2190716268},
{"learn":[22.25591432],"iteration":676,"passed_time":0.4577766794,"remaining_time":0.2184074851},
{"learn":[22.25151692],"iteration":677,"passed_time":0.4586826492,"remaining_time":0.2178404322},
{"learn":[22.24927186],"iteration":678,"passed_time":0.4594082917,"remaining_time":0.2171871306},
{"learn":[22.24738696],"iteration":679,"passed_time":0.4599798561,"remaining_time":0.2164611087},
{"learn":[22.24300692],"iteration":680,"passed_time":0.4607248729,"remaining_time":0.2158167907},
{"learn":[22.23723023],"iteration":681,"passed_time":0.461372268,"remaining_time":0.2151266587},
{"learn":[22.23489151],"iteration":682,"passed_time":0.4620799528,"remaining_time":0.214464634},
{"learn":[22.23422042],"iteration":683,"passed_time":0.4627550137,"remaining_time":0.213787404},
{"learn":[22.22801073],"iteration":684,"passed_time":0.4635056554,"remaining_time":0.2131449364},
{"learn":[22.22508662],"iteration":685,"passed_time":0.4642135485,"remaining_time":0.2124825863},
{"learn":[22.22014949],"iteration":686,"passed_time":0.4650918109,"remaining_time":0.2118977246},
{"learn":[22.21697068],"iteration":687,"passed_time":0.4658652852,"remaining_time":0.2112644898},
{"learn":[22.213045],"iteration":688,"passed_time":0.4665272631,"remaining_time":0.2105805208},
{"learn":[22.20885134],"iteration":689,"passed_time":0.4671358679,"remaining_time":0.2098726363},
{"learn":[22.20353493],"iteration":690,"passed_time":0.4677548056,"remaining_time":0.2091696598},
{"learn":[22.20205805],"iteration":691,"passed_time":0.4683514524,"remaining_time":0.2084570048},
{"learn":[22.19939905],"iteration":692,"passed_time":0.4690807615,"remaining_time":0.2078034542},
{"learn":[22.19530321],"iteration":693,"passed_time":0.4697901962,"remaining_time":0.2071409222},
{"learn":[22.18985089],"iteration":694,"passed_time":0.4705527125,"remaining_time":0.2065015501},
{"learn":[22.1886393],"iteration":695,"passed_time":0.4714159337,"remaining_time":0.2059058101},
{"learn":[22.18845554],"iteration":696,"passed_time":0.4719605406,"remaining_time":0.2051707946},
{"learn":[22.18250085],"iteration":697,"passed_time":0.4727829716,"remaining_time":0.2045565292},
{"learn":[22.17869026],"iteration":698,"passed_time":0.4735420713,"remaining_time":0.2039143969},
{"learn":[22.17403469],"iteration":699,"passed_time":0.4742788801,"remaining_time":0.2032623772},
{"learn":[22.16891762],"iteration":700,"passed_time":0.475104061,"remaining_time":0.2026478092},
{"learn":[22.16607362],"iteration":701,"passed_time":0.4759503245,"remaining_time":0.2020415907},
{"learn":[22.16390405],"iteration":702,"passed_time":0.4766928831,"remaining_time":0.2013908766},
{"learn":[22.16334757],"iteration":703,"passed_time":0.4773522778,"remaining_time":0.200704935},
{"learn":[22.16316525],"iteration":704,"passed_time":0.4780757121,"remaining_time":0.2000458653},
{"learn":[22.16050731],"iteration":705,"passed_time":0.4787580227,"remaining_time":0.1993694882},
{"learn":[22.15981863],"iteration":706,"passed_time":0.4794564994,"remaining_time":0.198699794},
{"learn":[22.15953135],"iteration":707,"passed_time":0.4800729372,"remaining_time":0.1979961832},
{"learn":[22.15338128],"iteration":708,"passed_time":0.4807468731,"remaining_time":0.1973164176},
{"learn":[22.14934948],"iteration":709,"passed_time":0.4813888101,"remaining_time":0.1966235985},
{"learn":[22.14408813],"iteration":710,"passed_time":0.4820590795,"remaining_time":0.1959424388},
{"learn":[22.14243418],"iteration":711,"passed_time":0.4826593928,"remaining_time":0.1952330128},
{"learn":[22.138138],"iteration":712,"passed_time":0.4832900385,"remaining_time":0.1945361025},
{"learn":[22.13538409],"iteration":713,"passed_time":0.4842722558,"remaining_time":0.1939802033},
{"learn":[22.13238599],"iteration":714,"passed_time":0.4849436085,"remaining_time":0.1932992006},
{"learn":[22.13085134],"iteration":715,"passed_time":0.4856139195,"remaining_time":0.1926178116},
{"learn":[22.12389611],"iteration":716,"passed_time":0.4862614813,"remaining_time":0.1919274745},
{"learn":[22.11877868],"iteration":717,"passed_time":0.486830254,"remaining_time":0.1912063115},
{"learn":[22.1131511],"iteration":718,"passed_time":0.487382194,"remaining_time":0.1904789937},
{"learn":[22.10583659],"iteration":719,"passed_time":0.4882073748,"remaining_time":0.1898584235},
{"learn":[22.10386901],"iteration":720,"passed_time":0.4889704744,"remaining_time":0.1892132626},
{"learn":[22.10370803],"iteration":721,"passed_time":0.4897347406,"remaining_time":0.1885682242},
{"learn":[22.10314649],"iteration":722,"passed_time":0.490445592,"remaining_time":0.1879023914},
{"learn":[22.09681985],"iteration":723,"passed_time":0.4912489819,"remaining_time":0.1872717113},
{"learn":[22.09213009],"iteration":724,"passed_time":0.4919899572,"remaining_time":0.1866168803},
{"learn":[22.08871671],"iteration":725,"passed_time":0.4926338941,"remaining_time":0.1859251887},
{"learn":[22.08831236],"iteration":726,"passed_time":0.4933378707,"remaining_time":0.1852561743},
{"learn":[22.08129336],"iteration":727,"passed_time":0.4940729712,"remaining_time":0.1845986926},
{"learn":[22.07375372],"iteration":728,"passed_time":0.4946719096,"remaining_time":0.1838903807},
{"learn":[22.07133234],"iteration":729,"passed_time":0.4953086801,"remaining_time":0.1831963611},
{"learn":[22.06850024],"iteration":730,"passed_time":0.4960956956,"remaining_time":0.1825577867},
{"learn":[22.06654168],"iteration":731,"passed_time":0.4967298828,"remaining_time":0.1818628533},
{"learn":[22.06409996],"iteration":732,"passed_time":0.4974385259,"remaining_time":0.1811952066},
{"learn":[22.05896305],"iteration":733,"passed_time":0.4982316662,"remaining_time":0.1805580698},
{"learn":[22.0545986],"iteration":734,"passed_time":0.4990834711,"remaining_time":0.1799416597},
{"learn":[22.051938],"iteration":735,"passed_time":0.4997643235,"remaining_time":0.1792632899},
{"learn":[22.04692157],"iteration":736,"passed_time":0.500438426,"remaining_time":0.1785825048},
{"learn":[22.04474238],"iteration":737,"passed_time":0.5010811546,"remaining_time":0.1778905996},
{"learn":[22.04257577],"iteration":738,"passed_time":0.5017795897,"remaining_time":0.1772185019},
{"learn":[22.04226747],"iteration":739,"passed_time":0.5024134436,"remaining_time":0.1765236424},
{"learn":[22.04085013],"iteration":740,"passed_time":0.5031698768,"remaining_time":0.1758717923},
{"learn":[22.03795011],"iteration":741,"passed_time":0.5038914778,"remaining_time":0.1752075489},
{"learn":[22.03627118],"iteration":742,"passed_time":0.5044505008,"remaining_time":0.1744869162},
{"learn":[22.03550785],"iteration":743,"passed_time":0.5051506442,"remaining_time":0.1738152754},
{"learn":[22.03477899],"iteration":744,"passed_time":0.5059899079,"remaining_time":0.1731911765},
{"learn":[22.03414331],"iteration":745,"passed_time":0.5066269701,"remaining_time":0.1724976547},
{"learn":[22.02929122],"iteration":746,"passed_time":0.5073770284,"remaining_time":0.1718425545},
{"learn":[22.02463965],"iteration":747,"passed_time":0.5080685887,"remaining_time":0.1711674925},
{"learn":[22.02016068],"iteration":748,"passed_time":0.5089173521,"remaining_time":0.1705450673},
{"learn":[22.01862263],"iteration":749,"passed_time":0.5098182388,"remaining_time":0.1699394129},
{"learn":[22.01778942],"iteration":750,"passed_time":0.5106481279,"remaining_time":0.1693094325},
{"learn":[22.01193588],"iteration":751,"passed_time":0.5114203938,"remaining_time":0.1686599171},
{"learn":[22.00891212],"iteration":752,"passed_time":0.5120305402,"remaining_time":0.167956897},
{"learn":[22.00669684],"iteration":753,"passed_time":0.5128164307,"remaining_time":0.1673114615},
{"learn":[22.00180945],"iteration":754,"passed_time":0.5134834502,"remaining_time":0.1666270799},
{"learn":[21.99491605],"iteration":755,"passed_time":0.5141912599,"remaining_time":0.1659559093},
{"learn":[21.99080245],"iteration":756,"passed_time":0.5147598243,"remaining_time":0.1652399436},
{"learn":[21.99014003],"iteration":757,"passed_time":0.5155736723,"remaining_time":0.1646026764},
{"learn":[21.98602804],"iteration":758,"passed_time":0.5161727356,"remaining_time":0.1638967448},
{"learn":[21.98439452],"iteration":759,"passed_time":0.5168702958,"remaining_time":0.1632221987},
{"learn":[21.98254526],"iteration":760,"passed_time":0.5176026047,"remaining_time":0.1625585053},
{"learn":[21.97910348],"iteration":761,"passed_time":0.5183479132,"remaining_time":0.1618986921},
{"learn":[21.97649597],"iteration":762,"passed_time":0.5190846804,"remaining_time":0.1612360016},
{"learn":[21.97275797],"iteration":763,"passed_time":0.5197494916,"remaining_time":0.1605508901},
{"learn":[21.97036734],"iteration":764,"passed_time":0.5203950534,"remaining_time":0.1598599184},
{"learn":[21.96986291],"iteration":765,"passed_time":0.5213008983,"remaining_time":0.1592485773},
{"learn":[21.96956183],"iteration":766,"passed_time":0.5219310856,"remaining_time":0.1585527288},
{"learn":[21.96656965],"iteration":767,"passed_time":0.5224462352,"remaining_time":0.1578223002},
{"learn":[21.96526022],"iteration":768,"passed_time":0.5231071298,"remaining_time":0.157136212},
{"learn":[21.96385429],"iteration":769,"passed_time":0.5238327723,"remaining_time":0.1564695294},
{"learn":[21.9601211],"iteration":770,"passed_time":0.5244891255,"remaining_time":0.1557821138},
{"learn":[21.95986387],"iteration":771,"passed_time":0.5252490169,"remaining_time":0.1551253573},
{"learn":[21.95504381],"iteration":772,"passed_time":0.5260479903,"remaining_time":0.1544798109},
{"learn":[21.94951906],"iteration":773,"passed_time":0.5266630115,"remaining_time":0.1537801558},
{"learn":[21.94662126],"iteration":774,"passed_time":0.5273379473,"remaining_time":0.1530981137},
{"learn":[21.94294063],"iteration":775,"passed_time":0.5280855891,"remaining_time":0.1524370773},
{"learn":[21.94134593],"iteration":776,"passed_time":0.5287678581,"remaining_time":0.1517570558},
{"learn":[21.93485044],"iteration":777,"passed_time":0.5293877958,"remaining_time":0.1510592425},
{"learn":[21.93266488],"iteration":778,"passed_time":0.5301979771,"remaining_time":0.1504156007},
{"learn":[21.9293741],"iteration":779,"passed_time":0.5309333693,"remaining_time":0.1497504375},
{"learn":[21.92605836],"iteration":780,"passed_time":0.5315941807,"remaining_time":0.1490641813},
{"learn":[21.92530294],"iteration":781,"passed_time":0.5323841544,"remaining_time":0.148413997},
{"learn":[21.92282488],"iteration":782,"passed_time":0.5331025471,"remaining_time":0.1477436178},
{"learn":[21.91968663],"iteration":783,"passed_time":0.5337686916,"remaining_time":0.1470587212},
{"learn":[21.91332111],"iteration":784,"passed_time":0.5346112053,"remaining_time":0.1464221772},
{"learn":[21.90867541],"iteration":785,"passed_time":0.5353672218,"remaining_time":0.1457615591},
{"learn":[21.90307433],"iteration":786,"passed_time":0.53602095,"remaining_time":0.1450730144},
{"learn":[21.89763891],"iteration":787,"passed_time":0.5368518807,"remaining_time":0.1444322319},
{"learn":[21.89462087],"iteration":788,"passed_time":0.5375137336,"remaining_time":0.1437457513},
{"learn":[21.89222791],"iteration":789,"passed_time":0.5382485842,"remaining_time":0.1430787376},
{"learn":[21.88748535],"iteration":790,"passed_time":0.5388562723,"remaining_time":0.1423779531},
{"learn":[21.88715159],"iteration":791,"passed_time":0.5397738667,"remaining_time":0.1417587933},
{"learn":[21.88261253],"iteration":792,"passed_time":0.5404638021,"remaining_time":0.141079454},
{"learn":[21.88036175],"iteration":793,"passed_time":0.5410690736,"remaining_time":0.1403781224},
{"learn":[21.87554713],"iteration":794,"passed_time":0.5419365031,"remaining_time":0.1397446329},
{"learn":[21.87342126],"iteration":795,"passed_time":0.5426158138,"remaining_time":0.1390623442},
{"learn":[21.87314074],"iteration":796,"passed_time":0.5432138356,"remaining_time":0.1383593584},
{"learn":[21.8691918],"iteration":797,"passed_time":0.543961769,"remaining_time":0.1376945831},
{"learn":[21.86892509],"iteration":798,"passed_time":0.5446672039,"remaining_time":0.1370189086},
{"learn":[21.86636167],"iteration":799,"passed_time":0.545395638,"remaining_time":0.1363489095},
{"learn":[21.863045],"iteration":800,"passed_time":0.5460409498,"remaining_time":0.1356581136},
{"learn":[21.85978965],"iteration":801,"passed_time":0.5467453014,"remaining_time":0.1349820071},
{"learn":[21.8577926],"iteration":802,"passed_time":0.5473884883,"remaining_time":0.1342908246},
{"learn":[21.85419642],"iteration":803,"passed_time":0.5481953364,"remaining_time":0.1336396591},
{"learn":[21.85302193],"iteration":804,"passed_time":0.5490492663,"remaining_time":0.1329995117},
{"learn":[21.85145488],"iteration":805,"passed_time":0.549689745,"remaining_time":0.1323074572},
{"learn":[21.85097756],"iteration":806,"passed_time":0.5503532229,"remaining_time":0.131621031},
{"learn":[21.84619202],"iteration":807,"passed_time":0.5510354086,"remaining_time":0.130939107},
{"learn":[21.84440566],"iteration":808,"passed_time":0.5516551796,"remaining_time":0.1302424466},
{"learn":[21.84086461],"iteration":809,"passed_time":0.5525256923,"remaining_time":0.129604792},
{"learn":[21.83774831],"iteration":810,"passed_time":0.5531694625,"remaining_time":0.1289137218},
{"learn":[21.83575645],"iteration":811,"passed_time":0.5538638561,"remaining_time":0.1282344888},
{"learn":[21.83278321],"iteration":812,"passed_time":0.5546041231,"remaining_time":0.12756577},
{"learn":[21.83123623],"iteration":813,"passed_time":0.55524881,"remaining_time":0.1268750352},
{"learn":[21.82935434],"iteration":814,"passed_time":0.5559874521,"remaining_time":0.1262057407},
{"learn":[21.82699587],"iteration":815,"passed_time":0.5566283057,"remaining_time":0.1255142258},
{"learn":[21.82279842],"iteration":816,"passed_time":0.5572959918,"remaining_time":0.1248288452},
{"learn":[21.82147602],"iteration":817,"passed_time":0.5579409287,"remaining_time":0.1241384462},
{"learn":[21.81980323],"iteration":818,"passed_time":0.558674196,"remaining_time":0.1234676795},
{"learn":[21.81556318],"iteration":819,"passed_time":0.5593754643,"remaining_time":0.1227897361},
{"learn":[21.81510977],"iteration":820,"passed_time":0.5599379456,"remaining_time":0.1220814766},
{"learn":[21.81465725],"iteration":821,"passed_time":0.560726461,"remaining_time":0.1214225183},
{"learn":[21.80894658],"iteration":822,"passed_time":0.561416688,"remaining_time":0.1207421067},
{"learn":[21.80678155],"iteration":823,"passed_time":0.5621182897,"remaining_time":0.1200641007},
{"learn":[21.80068397],"iteration":824,"passed_time":0.5627659348,"remaining_time":0.1193745922},
{"learn":[21.79632292],"iteration":825,"passed_time":0.5636201147,"remaining_time":0.1187286924},
{"learn":[21.79254222],"iteration":826,"passed_time":0.5643536736,"remaining_time":0.1180570563},
{"learn":[21.79187153],"iteration":827,"passed_time":0.5651459806,"remaining_time":0.1173974742},
{"learn":[21.7884729],"iteration":828,"passed_time":0.5657849593,"remaining_time":0.1167059446},
{"learn":[21.78496137],"iteration":829,"passed_time":0.5665938907,"remaining_time":0.1160493511},
{"learn":[21.78325064],"iteration":830,"passed_time":0.5673344077,"remaining_time":0.1153784776},
{"learn":[21.77836649],"iteration":831,"passed_time":0.5680095102,"remaining_time":0.114694228},
{"learn":[21.77285979],"iteration":832,"passed_time":0.5688641485,"remaining_time":0.1140459937},
{"learn":[21.77079169],"iteration":833,"passed_time":0.5695762914,"remaining_time":0.1133689021},
{"learn":[21.76806595],"iteration":834,"passed_time":0.5701243148,"remaining_time":0.1126592957},
{"learn":[21.76562986],"iteration":835,"passed_time":0.5708459158,"remaining_time":0.111984127},
{"learn":[21.76254093],"iteration":836,"passed_time":0.571650639,"remaining_time":0.1113250348},
{"learn":[21.76035722],"iteration":837,"passed_time":0.5726308148,"remaining_time":0.1106995131},
{"learn":[21.75537362],"iteration":838,"passed_time":0.573293876,"remaining_time":0.1100122933},
{"learn":[21.75296613],"iteration":839,"passed_time":0.5738457326,"remaining_time":0.1093039491},
{"learn":[21.75260401],"iteration":840,"passed_time":0.5743783816,"remaining_time":0.1085923456},
{"learn":[21.74992613],"iteration":841,"passed_time":0.5750489426,"remaining_time":0.1079070462},
{"learn":[21.74966874],"iteration":842,"passed_time":0.575616257,"remaining_time":0.1072025532},
{"learn":[21.74503855],"iteration":843,"passed_time":0.5763034008,"remaining_time":0.1065205338},
{"learn":[21.73829172],"iteration":844,"passed_time":0.5769910863,"remaining_time":0.1058386016},
{"learn":[21.73288379],"iteration":845,"passed_time":0.5776571474,"remaining_time":0.1051527195},
{"learn":[21.73049205],"iteration":846,"passed_time":0.5783356249,"remaining_time":0.104469127},
{"learn":[21.73011704],"iteration":847,"passed_time":0.5788896064,"remaining_time":0.1037632313},
{"learn":[21.72491931],"iteration":848,"passed_time":0.5796285402,"remaining_time":0.1030905884},
{"learn":[21.72303225],"iteration":849,"passed_time":0.5802062293,"remaining_time":0.1023893346},
{"learn":[21.72075166],"iteration":850,"passed_time":0.5808232921,"remaining_time":0.101695265},
{"learn":[21.71611351],"iteration":851,"passed_time":0.5814276469,"remaining_time":0.1009991687},
{"learn":[21.714776],"iteration":852,"passed_time":0.5819845867,"remaining_time":0.1002951164},
{"learn":[21.70919356],"iteration":853,"passed_time":0.5825898583,"remaining_time":0.09959967132},
{"learn":[21.70417126],"iteration":854,"passed_time":0.5831937965,"remaining_time":0.0989042111},
{"learn":[21.70369778],"iteration":855,"passed_time":0.5837791937,"remaining_time":0.09820584566},
{"learn":[21.70264143],"iteration":856,"passed_time":0.5843577578,"remaining_time":0.09750660369},
{"learn":[21.69985152],"iteration":857,"passed_time":0.584990195,"remaining_time":0.09681655908},
{"learn":[21.69509241],"iteration":858,"passed_time":0.5855065945,"remaining_time":0.09610760166},
{"learn":[21.6924509],"iteration":859,"passed_time":0.5861430317,"remaining_time":0.09541863306},
{"learn":[21.69072678],"iteration":860,"passed_time":0.5867740523,"remaining_time":0.09472891205},
{"learn":[21.69022415],"iteration":861,"passed_time":0.5872893685,"remaining_time":0.09402080377},
{"learn":[21.68944484],"iteration":862,"passed_time":0.5881206325,"remaining_time":0.09336329855},
{"learn":[21.68735828],"iteration":863,"passed_time":0.5887319872,"remaining_time":0.09267077576},
{"learn":[21.68277563],"iteration":864,"passed_time":0.5893110512,"remaining_time":0.09197340106},
{"learn":[21.67738088],"iteration":865,"passed_time":0.5898905319,"remaining_time":0.09127636406},
{"learn":[21.67276158],"iteration":866,"passed_time":0.5904558464,"remaining_time":0.09057742512},
{"learn":[21.6677633],"iteration":867,"passed_time":0.5911059081,"remaining_time":0.08989168188},
{"learn":[21.66470258],"iteration":868,"passed_time":0.5917246375,"remaining_time":0.08920129749},
{"learn":[21.66425369],"iteration":869,"passed_time":0.592351325,"remaining_time":0.08851226696},
{"learn":[21.66392992],"iteration":870,"passed_time":0.5929674712,"remaining_time":0.08782181835},
{"learn":[21.66139792],"iteration":871,"passed_time":0.5935266192,"remaining_time":0.08712317346},
{"learn":[21.65634303],"iteration":872,"passed_time":0.5940836424,"remaining_time":0.08642453904},
{"learn":[21.65574777],"iteration":873,"passed_time":0.5947406622,"remaining_time":0.08574064466},
{"learn":[21.65262766],"iteration":874,"passed_time":0.5954673463,"remaining_time":0.08506676376},
{"learn":[21.64851664],"iteration":875,"passed_time":0.5961442821,"remaining_time":0.0843857203},
{"learn":[21.64825286],"iteration":876,"passed_time":0.5967688863,"remaining_time":0.08369734665},
{"learn":[21.64810683],"iteration":877,"passed_time":0.5974574467,"remaining_time":0.08301800513},
{"learn":[21.64664767],"iteration":878,"passed_time":0.5980855925,"remaining_time":0.08233032615},
{"learn":[21.64412667],"iteration":879,"passed_time":0.5986870308,"remaining_time":0.08163914056},
{"learn":[21.64158889],"iteration":880,"passed_time":0.5992051385,"remaining_time":0.08093690294},
{"learn":[21.63516769],"iteration":881,"passed_time":0.5997905357,"remaining_time":0.08024408528},
{"learn":[21.63440151],"iteration":882,"passed_time":0.6003777245,"remaining_time":0.07955174832},
{"learn":[21.6299169],"iteration":883,"passed_time":0.600993329,"remaining_time":0.07886337802},
{"learn":[21.62908285],"iteration":884,"passed_time":0.6015868509,"remaining_time":0.07817230266},
{"learn":[21.62885851],"iteration":885,"passed_time":0.6021385409,"remaining_time":0.07747606508},
{"learn":[21.62507702],"iteration":886,"passed_time":0.6028207265,"remaining_time":0.07679677801},
{"learn":[21.62231644],"iteration":887,"passed_time":0.6034168734,"remaining_time":0.07610663268},
{"learn":[21.61526681],"iteration":888,"passed_time":0.6039833545,"remaining_time":0.07541299477},
{"learn":[21.61361031],"iteration":889,"passed_time":0.6046135419,"remaining_time":0.07472751641},
{"learn":[21.61211904],"iteration":890,"passed_time":0.6053270598,"remaining_time":0.07405235636},
{"learn":[21.61190104],"iteration":891,"passed_time":0.6059445809,"remaining_time":0.07336548737},
{"learn":[21.60794191],"iteration":892,"passed_time":0.6065572688,"remaining_time":0.07267819459},
{"learn":[21.60365234],"iteration":893,"passed_time":0.6070705434,"remaining_time":0.07197928143},
{"learn":[21.59776076],"iteration":894,"passed_time":0.6076512324,"remaining_time":0.07128869207},
{"learn":[21.59159337],"iteration":895,"passed_time":0.6082174636,"remaining_time":0.07059666988},
{"learn":[21.58722922],"iteration":896,"passed_time":0.6087170719,"remaining_time":0.06989727805},
{"learn":[21.58684465],"iteration":897,"passed_time":0.6093609672,"remaining_time":0.0692147201},
{"learn":[21.58223921],"iteration":898,"passed_time":0.6100286533,"remaining_time":0.068534921},
{"learn":[21.57985229],"iteration":899,"passed_time":0.6106363831,"remaining_time":0.06784848701},
{"learn":[21.57976674],"iteration":900,"passed_time":0.6111622406,"remaining_time":0.06715323176},
{"learn":[21.57211504],"iteration":901,"passed_time":0.6117375131,"remaining_time":0.06646372093},
{"learn":[21.5675052],"iteration":902,"passed_time":0.6122635372,"remaining_time":0.06576917288},
{"learn":[21.56401462],"iteration":903,"passed_time":0.6128058525,"remaining_time":0.0650767277},
{"learn":[21.56110346],"iteration":904,"passed_time":0.6133502511,"remaining_time":0.06438483298},
{"learn":[21.5584344],"iteration":905,"passed_time":0.6139248153,"remaining_time":0.06369639364},
{"learn":[21.55791834],"iteration":906,"passed_time":0.6145071292,"remaining_time":0.06300900002},
{"learn":[21.55519873],"iteration":907,"passed_time":0.6151015678,"remaining_time":0.06232306634},
{"learn":[21.55464459],"iteration":908,"passed_time":0.6157460463,"remaining_time":0.06164234347},
{"learn":[21.55185824],"iteration":909,"passed_time":0.6163113192,"remaining_time":0.06095386673},
{"learn":[21.54890561],"iteration":910,"passed_time":0.6169388816,"remaining_time":0.06027174584},
{"learn":[21.5473804],"iteration":911,"passed_time":0.6175777353,"remaining_time":0.05959083411},
{"learn":[21.54709989],"iteration":912,"passed_time":0.6181312169,"remaining_time":0.05890187938},
{"learn":[21.54682344],"iteration":913,"passed_time":0.6187937782,"remaining_time":0.0582234846},
{"learn":[21.54447412],"iteration":914,"passed_time":0.6195152125,"remaining_time":0.05755059351},
{"learn":[21.54062858],"iteration":915,"passed_time":0.6200938599,"remaining_time":0.05686450244},
{"learn":[21.53584836],"iteration":916,"passed_time":0.6206822153,"remaining_time":0.0561795244},
{"learn":[21.53231751],"iteration":917,"passed_time":0.6212742373,"remaining_time":0.05549508438},
{"learn":[21.53005659],"iteration":918,"passed_time":0.6218713008,"remaining_time":0.05481128984},
{"learn":[21.52711068],"iteration":919,"passed_time":0.6225458616,"remaining_time":0.05413442275},
{"learn":[21.52376029],"iteration":920,"passed_time":0.6231352587,"remaining_time":0.05345025563},
{"learn":[21.52156846],"iteration":921,"passed_time":0.6237199892,"remaining_time":0.05276589931},
{"learn":[21.5168594],"iteration":922,"passed_time":0.6243775923,"remaining_time":0.05208783815},
{"learn":[21.51489834],"iteration":923,"passed_time":0.6249789473,"remaining_time":0.0514051948},
{"learn":[21.51141513],"iteration":924,"passed_time":0.6255789274,"remaining_time":0.05072261573},
{"learn":[21.50901912],"iteration":925,"passed_time":0.6262069065,"remaining_time":0.05004245257},
{"learn":[21.50607237],"iteration":926,"passed_time":0.6267743459,"remaining_time":0.04935763457},
{"learn":[21.50326518],"iteration":927,"passed_time":0.6274055749,"remaining_time":0.04867801874},
{"learn":[21.50186984],"iteration":928,"passed_time":0.6279316407,"remaining_time":0.04799046985},
{"learn":[21.49740463],"iteration":929,"passed_time":0.6285936603,"remaining_time":0.04731350132},
{"learn":[21.49094386],"iteration":930,"passed_time":0.6291191845,"remaining_time":0.04662644869},
{"learn":[21.48805994],"iteration":931,"passed_time":0.6298000785,"remaining_time":0.04595107869},
{"learn":[21.48598614],"iteration":932,"passed_time":0.6303196446,"remaining_time":0.04526411167},
{"learn":[21.48100073],"iteration":933,"passed_time":0.6309036251,"remaining_time":0.04458205488},
{"learn":[21.48058143],"iteration":934,"passed_time":0.6314986053,"remaining_time":0.04390097256},
{"learn":[21.47708299],"iteration":935,"passed_time":0.632028546,"remaining_time":0.04321562708},
{"learn":[21.47460287],"iteration":936,"passed_time":0.6326280677,"remaining_time":0.04253529164},
{"learn":[21.47401089],"iteration":937,"passed_time":0.63341075,"remaining_time":0.04186723507},
{"learn":[21.47224173],"iteration":938,"passed_time":0.6339362742,"remaining_time":0.04118222867},
{"learn":[21.46938362],"iteration":939,"passed_time":0.6345677532,"remaining_time":0.04050432467},
{"learn":[21.46575793],"iteration":940,"passed_time":0.6351634,"remaining_time":0.03982427269},
{"learn":[21.46183611],"iteration":941,"passed_time":0.6357441723,"remaining_time":0.03914348407},
{"learn":[21.45812877],"iteration":942,"passed_time":0.6364439407,"remaining_time":0.03847010034},
{"learn":[21.45495754],"iteration":943,"passed_time":0.63706692,"remaining_time":0.03779210542},
{"learn":[21.45463197],"iteration":944,"passed_time":0.6376891493,"remaining_time":0.03711418329},
{"learn":[21.45171078],"iteration":945,"passed_time":0.638467915,"remaining_time":0.03644531439},
{"learn":[21.45010378],"iteration":946,"passed_time":0.6392060988,"remaining_time":0.03577394217},
{"learn":[21.44768229],"iteration":947,"passed_time":0.6396536255,"remaining_time":0.03508648579},
{"learn":[21.44542194],"iteration":948,"passed_time":0.6402247315,"remaining_time":0.0344061763},
{"learn":[21.44082128],"iteration":949,"passed_time":0.6408585021,"remaining_time":0.03372939485},
{"learn":[21.43705859],"iteration":950,"passed_time":0.6415757699,"remaining_time":0.03305700602},
{"learn":[21.43298024],"iteration":951,"passed_time":0.6421226684,"remaining_time":0.03237593286},
{"learn":[21.42957951],"iteration":952,"passed_time":0.642823145,"remaining_time":0.03170271544},
{"learn":[21.42804192],"iteration":953,"passed_time":0.6432896295,"remaining_time":0.03101815824},
{"learn":[21.42743767],"iteration":954,"passed_time":0.6438517775,"remaining_time":0.03033856543},
{"learn":[21.42730987],"iteration":955,"passed_time":0.6443830515,"remaining_time":0.02965779735},
{"learn":[21.42702775],"iteration":956,"passed_time":0.6448431195,"remaining_time":0.02897414225},
{"learn":[21.42444728],"iteration":957,"passed_time":0.6454610156,"remaining_time":0.02829787333},
{"learn":[21.42076807],"iteration":958,"passed_time":0.6462151571,"remaining_time":0.02762755103},
{"learn":[21.41878609],"iteration":959,"passed_time":0.6467155155,"remaining_time":0.02694647981},
{"learn":[21.41823384],"iteration":960,"passed_time":0.6473082458,"remaining_time":0.02626953339},
{"learn":[21.41659349],"iteration":961,"passed_time":0.6479557659,"remaining_time":0.0255949263},
{"learn":[21.41630456],"iteration":962,"passed_time":0.6485153306,"remaining_time":0.02491699609},
{"learn":[21.4146242],"iteration":963,"passed_time":0.649163684,"remaining_time":0.0242426272},
{"learn":[21.41332009],"iteration":964,"passed_time":0.6496717921,"remaining_time":0.02356322562},
{"learn":[21.41297176],"iteration":965,"passed_time":0.6502108991,"remaining_time":0.02288526974},
{"learn":[21.41106711],"iteration":966,"passed_time":0.6507726721,"remaining_time":0.02220837454},
{"learn":[21.40856009],"iteration":967,"passed_time":0.6513237371,"remaining_time":0.02153136321},
{"learn":[21.40672956],"iteration":968,"passed_time":0.6519003846,"remaining_time":0.02085543026},
{"learn":[21.40609598],"iteration":969,"passed_time":0.6524989896,"remaining_time":0.02018038112},
{"learn":[21.4042564],"iteration":970,"passed_time":0.6529840985,"remaining_time":0.01950209975},
{"learn":[21.40178303],"iteration":971,"passed_time":0.6534334585,"remaining_time":0.01882318605},
{"learn":[21.40050197],"iteration":972,"passed_time":0.6538326119,"remaining_time":0.018143351},
{"learn":[21.39974648],"iteration":973,"passed_time":0.6542729723,"remaining_time":0.01746519228},
{"learn":[21.39523055],"iteration":974,"passed_time":0.6547882884,"remaining_time":0.01678944329},
{"learn":[21.39068736],"iteration":975,"passed_time":0.6553057296,"remaining_time":0.01611407532},
{"learn":[21.3897119],"iteration":976,"passed_time":0.6556725923,"remaining_time":0.0154354858},
{"learn":[21.38881935],"iteration":977,"passed_time":0.6562296155,"remaining_time":0.01476181139},
{"learn":[21.38763461],"iteration":978,"passed_time":0.656785097,"remaining_time":0.01408834222},
{"learn":[21.38725945],"iteration":979,"passed_time":0.6571900418,"remaining_time":0.01341204167},
{"learn":[21.38319372],"iteration":980,"passed_time":0.6576125694,"remaining_time":0.01273663488},
{"learn":[21.37913042],"iteration":981,"passed_time":0.6579371836,"remaining_time":0.01205994838},
{"learn":[21.37584029],"iteration":982,"passed_time":0.6582821305,"remaining_time":0.01138432983},
{"learn":[21.37031792],"iteration":983,"passed_time":0.6588292373,"remaining_time":0.01071267052},
{"learn":[21.36760257],"iteration":984,"passed_time":0.659207933,"remaining_time":0.01003869949},
{"learn":[21.36401885],"iteration":985,"passed_time":0.6597529149,"remaining_time":0.009367688446},
{"learn":[21.36010244],"iteration":986,"passed_time":0.6601595263,"remaining_time":0.008695110276},
{"learn":[21.35568742],"iteration":987,"passed_time":0.6606276774,"remaining_time":0.008023817944},
{"learn":[21.35534633],"iteration":988,"passed_time":0.6610653712,"remaining_time":0.007352597657},
{"learn":[21.35297318],"iteration":989,"passed_time":0.6614585664,"remaining_time":0.006681399661},
{"learn":[21.34953377],"iteration":990,"passed_time":0.6618015133,"remaining_time":0.006010306377},
{"learn":[21.34774222],"iteration":991,"passed_time":0.6621482101,"remaining_time":0.00533990492},
{"learn":[21.34738491],"iteration":992,"passed_time":0.6626232777,"remaining_time":0.004671060366},
{"learn":[21.34635376],"iteration":993,"passed_time":0.6630696378,"remaining_time":0.004002432421},
{"learn":[21.34589544],"iteration":994,"passed_time":0.6636920337,"remaining_time":0.003335135848},
{"learn":[21.33977996],"iteration":995,"passed_time":0.6641796425,"remaining_time":0.002667388123},
{"learn":[21.33692069],"iteration":996,"passed_time":0.6646495019,"remaining_time":0.001999948351},
{"learn":[21.33428869],"iteration":997,"passed_time":0.6651523601,"remaining_time":0.001332970662},
{"learn":[21.33210061],"iteration":998,"passed_time":0.6656432188,"remaining_time":0.0006663095283},
{"learn":[21.33189632],"iteration":999,"passed_time":0.666129286,"remaining_time":0}
]},"remaining_time":0}
]}